name,id,key,potid,potkey,units,atom_style,allsymbols,pair_style,status,symbols,elements
MO_004835508849,EAM_Dynamo_MendelevAckland_2007v3_Zr__MO_004835508849_000,MO_004835508849_000,2007--Mendelev-M-I-Ackland-G-J--Zr-3,bd58ae4c-dc17-40e4-91f0-db3eae46f933,metal,atomic,False,kim,active,['Zr'],['Zr']
MO_008996216289,MEAM_LAMMPS_JeongParkDo_2018_PdNi__MO_008996216289_000,MO_008996216289_000,,,metal,atomic,False,kim,active,[],[]
MO_010059867259,EAM_Dynamo_Foiles_1985_Ni__MO_010059867259_000,MO_010059867259_000,1985--Foiles-S-M--Ni-Cu,301f04ce-9082-4542-8590-489300cd19e8,metal,atomic,False,kim,active,['Ni'],['Ni']
MO_010613863288,EAM_Dynamo_PunYamakovMishin_2015_NiCo__MO_010613863288_000,MO_010613863288_000,2015--Purja-Pun-G-P-Yamakov-V-Mishin-Y--Ni-Co,20fa46b5-6b6f-4e6e-9400-66edb643c679,metal,atomic,False,kim,active,"['Ni', 'Co']","['Ni', 'Co']"
MO_014123846623,SNAP_ZuoChenLi_2019_Mo__MO_014123846623_000,MO_014123846623_000,2020--Zuo-Y-Chen-C-Li-X-et-al--Mo-SNAP,9945ba71-939f-47ee-808b-aa72ab6d227d,metal,atomic,False,kim,active,['Mo'],['Mo']
MO_017524376569,EMT_Asap_Standard_JacobsenStoltzeNorskov_1996_Au__MO_017524376569_001,MO_017524376569_001,1996--Jacobsen-K-W-Stoltze-P-Norskov-J-K--Au,3c88575c-12cd-413c-892c-cad122f91de1,metal,atomic,False,kim,active,['Au'],['Au']
MO_018428823000,MEAM_LAMMPS_KimJeonLee_2015_MgY__MO_018428823000_000,MO_018428823000_000,,,metal,atomic,False,kim,active,[],[]
MO_019616213550,ThreeBodyCluster_BH_BiswasHamann_1987_Si__MO_019616213550_000,MO_019616213550_000,1987--Biswas-R-Hamann-D-R--Si,c08c11df-cb6d-47d5-a6f2-9aa1e5187bb0,metal,atomic,False,kim,active,['Si'],['Si']
MO_019873715786,EAM_Dynamo_LiuAdams_1998_AlMg__MO_019873715786_000,MO_019873715786_000,1998--Liu-X-Y-Adams-J-B--Al-Mg,471c5c9d-fe61-4bbb-a088-a88be016d78d,metal,atomic,False,kim,active,"['Al', 'Mg']","['Al', 'Mg']"
MO_020840179467,MEAM_LAMMPS_KimSeolJi_2017_PtNi__MO_020840179467_000,MO_020840179467_000,,,metal,atomic,False,kim,active,[],[]
MO_020851069572,EAM_Dynamo_LiuLiuBorucki_1999_AlCu__MO_020851069572_000,MO_020851069572_000,1999--Liu-X-Y-Liu-C-L-Borucki-L-J--Al-Cu,92e1a9a3-8124-4808-9fd9-fa5e4abef227,metal,atomic,False,kim,active,"['Al', 'Cu']","['Al', 'Cu']"
MO_022920256108,MEAM_LAMMPS_SunRamachandranWick_2018_TiAl__MO_022920256108_000,MO_022920256108_000,,,metal,atomic,False,kim,active,[],[]
MO_028979335952,MEAM_LAMMPS_AgrawalMirzaeifar_2021_CuC__MO_028979335952_000,MO_028979335952_000,,,metal,atomic,False,kim,active,[],[]
MO_034823476734,Pair_Morse_Modified_MacDonaldMacDonald_Cu__MO_034823476734_000,MO_034823476734_000,1981--MacDonald-R-A-MacDonald-W-M--Cu,fb99607d-b4cf-44bf-a39b-b48aaefd335b,metal,atomic,False,kim,active,['Cu'],['Cu']
MO_040570764911,SW_LeeHwang_2012GGA_Si__MO_040570764911_000,MO_040570764911_000,2012--Lee-Y-Hwang-G-S--Si-GGA,adf5b065-03bc-4e9e-9b73-cbca6552a242,metal,atomic,False,kim,active,['Si'],['Si']
MO_041269750353,SNAP_ZuoChenLi_2019quadratic_Li__MO_041269750353_000,MO_041269750353_000,2020--Zuo-Y-Chen-C-Li-X-et-al--Li-qSNAP,6e3d43c1-9a7b-4a8a-901c-ee834318c565,metal,atomic,False,kim,active,['Li'],['Li']
MO_042691367780,EAM_Dynamo_FarkasJones_1996_NbTiAl__MO_042691367780_000,MO_042691367780_000,1996--Farkas-D-Jones-C--Nb-Ti-Al,0856888b-57ec-4005-828d-d1b0c331f120,metal,atomic,False,kim,active,"['Nb', 'Ti', 'Al']","['Nb', 'Ti', 'Al']"
MO_046547823135,MEAM_LAMMPS_KoLee_2013_VPdY__MO_046547823135_000,MO_046547823135_000,,,metal,atomic,False,kim,active,[],[]
MO_046576227003,EAM_Dynamo_MarinicaVentelonGilbert_2013EAM4__MO_046576227003_000,MO_046576227003_000,2013--Marinica-M-C-Ventelon-L-Gilbert-M-R-et-al--W-4,30656327-03f8-4bc5-ae74-aa3ed1788ce2,metal,atomic,False,kim,active,['W'],['W']
MO_047308317761,EAM_Dynamo_ZhangAshcraftMendelev_2016_NiNb__MO_047308317761_000,MO_047308317761_000,2016--Zhang-Y-Ashcraft-R-Mendelev-M-I-et-al--Ni-Nb,6c80d706-991c-4696-a552-89f2df2368f5,metal,atomic,False,kim,active,"['Ni', 'Nb']","['Ni', 'Nb']"
MO_048172193005,EAM_Dynamo_NicholAckland_2016_Na__MO_048172193005_000,MO_048172193005_000,2016--Nichol-A-Ackland-G-J--Na,d3ec6aef-1fc5-4151-a290-6e61acd25a77,metal,atomic,False,kim,active,['Na'],['Na']
MO_049243498555,EAM_Dynamo_ZhouWadleyJohnson_2001_Al__MO_049243498555_000,MO_049243498555_000,2001--Zhou-X-W-Wadley-H-N-G-Johnson-R-A-et-al--Al,5e0ecfb9-e942-4098-bbd7-7c30ed948e11,metal,atomic,False,kim,active,['Al'],['Al']
MO_050147023220,MEAM_LAMMPS_HuangDongLiu_2018_Si__MO_050147023220_000,MO_050147023220_000,,,metal,atomic,False,kim,active,[],[]
MO_050461957184,MEAM_LAMMPS_KavousiNovakBaskes_2019_NiTi__MO_050461957184_000,MO_050461957184_000,,,metal,atomic,False,kim,active,[],[]
MO_051157671505,EAM_Dynamo_LiuErcolessiAdams_2004_Al__MO_051157671505_000,MO_051157671505_000,2004--Liu-X-Y-Ercolessi-F-Adams-J-B--Al,8f71b887-b4c5-42c0-b06c-9456153725d9,metal,atomic,False,kim,active,['Al'],['Al']
MO_055919219575,EAM_Dynamo_AcklandTichyVitek_1987v2_Ag__MO_055919219575_000,MO_055919219575_000,1987--Ackland-G-J-Tichy-G-Vitek-V-Finnis-M-W--Ag,dc4149ce-3592-4131-8683-ecf654d5a519,metal,atomic,False,kim,active,['Ag'],['Ag']
MO_058537087384,MEAM_LAMMPS_KimKimLee_2009_AlMg__MO_058537087384_000,MO_058537087384_000,,,metal,atomic,False,kim,active,[],[]
MO_058735400462,MEAM_LAMMPS_KimShinLee_2009_FeMn__MO_058735400462_000,MO_058735400462_000,,,metal,atomic,False,kim,active,[],[]
MO_059320827436,MEAM_LAMMPS_KimLee_2017_MgNd__MO_059320827436_000,MO_059320827436_000,,,metal,atomic,False,kim,active,[],[]
MO_060567868558,EAM_Dynamo_ZhouJohnsonWadley_2004NISTretabulation_Al__MO_060567868558_000,MO_060567868558_000,2004--Zhou-X-W-Johnson-R-A-Wadley-H-N-G--Al,5aad5c57-cd85-48b3-acb0-db0cc4f68e31,metal,atomic,False,kim,active,['Al'],['Al']
MO_063626065437,MEAM_LAMMPS_LeeWirthShim_2005_FeCu__MO_063626065437_000,MO_063626065437_000,,,metal,atomic,False,kim,active,[],[]
MO_066802556726,EMT_Asap_Standard_JacobsenStoltzeNorskov_1996_Pd__MO_066802556726_001,MO_066802556726_001,1996--Jacobsen-K-W-Stoltze-P-Norskov-J-K--Pd,6c352dde-60f8-431c-a1ed-ac514c06b75d,metal,atomic,False,kim,active,['Pd'],['Pd']
MO_068985622065,MEAM_LAMMPS_JeongLee_2020_PdC__MO_068985622065_000,MO_068985622065_000,,,metal,atomic,False,kim,active,[],[]
MO_070542625990,MEAM_LAMMPS_KimLee_2008_TiN__MO_070542625990_000,MO_070542625990_000,,,metal,atomic,False,kim,active,[],[]
MO_070797404269,MEAM_LAMMPS_KimSeolJi_2017_PtCu__MO_070797404269_000,MO_070797404269_000,,,metal,atomic,False,kim,active,[],[]
MO_071460865933,Morse_SigmoidalSmoothed_Jelinek_1972_Ar__MO_071460865933_002,MO_071460865933_002,1972--Jelinek-G-E--Ar,8574b9b6-028e-4554-85d9-0c8e3a2e7da9,metal,atomic,False,kim,active,['Ar'],['Ar']
MO_072437275969,TIDP_RajanWarnerCurtin_2016C_User01__MO_072437275969_001,MO_072437275969_001,2016--Rajan-V-P-Warner-D-H-Curtin-W-A--fictional-toy-c,4dd068c7-335c-4e24-9b1c-ee0bdd72aaa4,metal,atomic,False,kim,active,['user01'],['toy']
MO_072444764353,MEAM_LAMMPS_ShimLeeFleury_2011_VH__MO_072444764353_000,MO_072444764353_000,,,metal,atomic,False,kim,active,[],[]
MO_072486242437,ThreeBodyCluster_KP_KaxirasPandey_1988_Si__MO_072486242437_000,MO_072486242437_000,1988--Kaxiras-E-Pandey-K-C--Si,32b7d115-fb94-4764-87c8-50a78007b840,metal,atomic,False,kim,active,['Si'],['Si']
MO_072689718616,MEAM_LAMMPS_KimJungLee_2010_FeNbC__MO_072689718616_000,MO_072689718616_000,,,metal,atomic,False,kim,active,[],[]
MO_075279800195,MEAM_LAMMPS_LiyanageKimHouze_2014_FeC__MO_075279800195_000,MO_075279800195_000,,,metal,atomic,False,kim,active,[],[]
MO_080526771943,MFF_MistriotisFlytzanisFarantos_1989_Si__MO_080526771943_001,MO_080526771943_001,1989--Mistriotis-A-D-Flytzanis-N-Farantos-S-C--Si,f50bc327-ef12-434c-9869-0e538f48211a,metal,atomic,False,kim,active,['Si'],['Si']
MO_081872846741,ThreeBodyBondOrder_WR_WangRockett_1991_Si__MO_081872846741_000,MO_081872846741_000,1991--Wang-J-Rockett-A--Si,9520d992-5968-4057-9b51-1adac43b9bb8,metal,atomic,False,kim,active,['Si'],['Si']
MO_086900950763,MEAM_LAMMPS_JeongParkDo_2018_PdTi__MO_086900950763_000,MO_086900950763_000,,,metal,atomic,False,kim,active,[],[]
MO_087738844640,EAM_Dynamo_AdamsFoilesWolfer_1989_Au__MO_087738844640_000,MO_087738844640_000,1989--Adams-J-B-Foiles-S-M-Wolfer-W-G--Au,8018facc-a337-4e34-b13f-b293f36a3458,metal,atomic,False,kim,active,['Au'],['Au']
MO_091278480940,MEAM_LAMMPS_KoShimLee_2011_NiH__MO_091278480940_000,MO_091278480940_000,,,metal,atomic,False,kim,active,[],[]
MO_094065024556,EAM_Dynamo_Mendelev_2015_Na__MO_094065024556_000,MO_094065024556_000,2015--Wilson-S-R-Gunawardana-K-G-S-H-Mendelev-M-I--Na,5f0a7080-5a72-49a2-885e-8083f47a144b,metal,atomic,False,kim,active,['Na'],['Na']
MO_095610951957,MEAM_LAMMPS_LeeJang_2007_FeH__MO_095610951957_000,MO_095610951957_000,,,metal,atomic,False,kim,active,[],[]
MO_097471813275,EAM_Dynamo_BorovikovMendelevKing_2016_CuZr__MO_097471813275_000,MO_097471813275_000,2016--Borovikov-V-Mendelev-M-I-King-A-H--Cu-Zr,4fc0f7d5-dff6-4de7-8567-d9e87746cb2c,metal,atomic,False,kim,active,"['Cu', 'Zr']","['Cu', 'Zr']"
MO_099716416216,MEAM_LAMMPS_DongKimKo_2012_CoAl__MO_099716416216_000,MO_099716416216_000,,,metal,atomic,False,kim,active,[],[]
MO_101214310689,EAM_Dynamo_Mishin_2004_NiAl__MO_101214310689_005,MO_101214310689_005,2004--Mishin-Y--Ni-Al,13051c1b-48f7-47f5-bad7-fc627fe10376,metal,atomic,False,kim,active,"['Ni', 'Al']","['Ni', 'Al']"
MO_101966451181,EAM_Dynamo_ZhouJohnsonWadley_2004NISTretabulation_Ti__MO_101966451181_000,MO_101966451181_000,2004--Zhou-X-W-Johnson-R-A-Wadley-H-N-G--Ti,8d877089-5fc2-418e-a2b3-a1b468483690,metal,atomic,False,kim,active,['Ti'],['Ti']
MO_101997554790,MEAM_LAMMPS_JeongParkDo_2018_PdCo__MO_101997554790_000,MO_101997554790_000,,,metal,atomic,False,kim,active,[],[]
MO_102133002179,EAM_Dynamo_FellingerParkWilkins_2010_Nb__MO_102133002179_005,MO_102133002179_005,2010--Fellinger-M-R-Park-H-Wilkins-J-W--Nb,0bee394c-6121-48ac-8e6d-81351d0bda44,metal,atomic,False,kim,active,['Nb'],['Nb']
MO_102190350384,EAM_Dynamo_ZhouWadleyJohnson_2001_Pt__MO_102190350384_005,MO_102190350384_005,2004--Zhou-X-W-Johnson-R-A-Wadley-H-N-G--Pt,b236a7be-023c-4df7-8146-da4fbdfcf900,metal,atomic,False,kim,active,['Pt'],['Pt']
MO_103054252769,EAM_Dynamo_LiSiegelAdams_2003_Ta__MO_103054252769_005,MO_103054252769_005,2003--Li-Y-Siegel-D-J-Adams-J-B-Liu-X-Y--Ta,f981e581-ca81-43ba-9c24-dc5f8ef0a908,metal,atomic,False,kim,active,['Ta'],['Ta']
MO_103270551167,EAM_Dynamo_ZhouJohnsonWadley_2004_Zr__MO_103270551167_005,MO_103270551167_005,2004--Zhou-X-W-Johnson-R-A-Wadley-H-N-G--Zr,6ccabaad-9825-4d97-9f9d-3058fca15806,metal,atomic,False,kim,active,['Zr'],['Zr']
MO_104806802344,EAM_Dynamo_HaleWongZimmerman_2008PairHybrid_PdAgH__MO_104806802344_005,MO_104806802344_005,2013--Hale-L-M-Wong-B-M-Zimmerman-J-A-Zhou-X-W--Pd-Ag-H-Hybrid,41f2bbbd-bc48-420e-8c2b-6bec9cf00afc,metal,atomic,False,kim,active,"['Pd', 'Ag', 'H']","['Pd', 'Ag', 'H']"
MO_104891429740,EAM_Dynamo_AcklandTichyVitek_1987_Au__MO_104891429740_005,MO_104891429740_005,1987--Ackland-G-J-Tichy-G-Vitek-V-Finnis-M-W--Au,25899e46-6992-460a-b1c7-fb2704629e9f,metal,atomic,False,kim,active,['Au'],['Au']
MO_105449194206,MEAM_LAMMPS_ParkFellingerLenosky_2012_Ta__MO_105449194206_000,MO_105449194206_000,,,metal,atomic,False,kim,active,[],[]
MO_106969701023,EAM_Dynamo_MendelevKramerBecker_2008_Al__MO_106969701023_005,MO_106969701023_005,2008--Mendelev-M-I-Kramer-M-J-Becker-C-A-Asta-M--Al,eb027a17-aeb8-4f91-a58f-0d8830d653f8,metal,atomic,False,kim,active,['Al'],['Al']
MO_108408461881,EMT_Asap_Standard_JacobsenStoltzeNorskov_1996_Ni__MO_108408461881_001,MO_108408461881_001,1996--Jacobsen-K-W-Stoltze-P-Norskov-J-K--Ni,3d95a9db-2422-4149-932d-0a32e88e8e34,metal,atomic,False,kim,active,['Ni'],['Ni']
MO_108983864770,EAM_Dynamo_HaleWongZimmerman_2008PairMorse_PdAgH__MO_108983864770_005,MO_108983864770_005,2013--Hale-L-M-Wong-B-M-Zimmerman-J-A-Zhou-X-W--Pd-Ag-H-Morse,abef3818-788d-4173-aa8d-62265deeec2b,metal,atomic,False,kim,active,"['Pd', 'Ag', 'H']","['Pd', 'Ag', 'H']"
MO_109933561507,EAM_Dynamo_MishinMehlPapaconstantopoulos_2002_NiAl__MO_109933561507_005,MO_109933561507_005,2002--Mishin-Y-Mehl-M-J-Papaconstantopoulos-D-A--Ni-Al,cba1f03d-4e0b-4f08-8b52-0aff0a4224b3,metal,atomic,False,kim,active,"['Ni', 'Al']","['Ni', 'Al']"
MO_110119204723,MEAM_LAMMPS_KimJungLee_2009_FeTiC__MO_110119204723_000,MO_110119204723_000,,,metal,atomic,False,kim,active,[],[]
MO_110256178378,EAM_Dynamo_ZhouJohnsonWadley_2004_Ni__MO_110256178378_005,MO_110256178378_005,2004--Zhou-X-W-Johnson-R-A-Wadley-H-N-G--Ni,063c9331-69e4-40e4-bb6c-cee56d576b60,metal,atomic,False,kim,active,['Ni'],['Ni']
MO_111986436268,Morse_Shifted_GirifalcoWeizer_1959HighCutoff_Ag__MO_111986436268_004,MO_111986436268_004,1959--Girifalco-L-A-Weizer-V-G--Ag,ab71e60e-3f45-4eb4-9c92-7feb98f7e168,metal,atomic,False,kim,active,['Ag'],['Ag']
MO_112077942578,MEAM_LAMMPS_GaoOteroAouadi_2013_AgTaO__MO_112077942578_000,MO_112077942578_000,,,metal,atomic,False,kim,active,[],[]
MO_113686039439,SW_BalamaneHaliciogluTiller_1992_Si__MO_113686039439_004,MO_113686039439_004,1992--Balamane-H-Halicioglu-T-Tiller-W-A--Si,91d8ddee-80cc-43b2-b06c-d9d427d36d23,metal,atomic,False,kim,active,['Si'],['Si']
MO_114077951467,EAM_Dynamo_FortiniMendelevBuldyrev_2008_Ru__MO_114077951467_005,MO_114077951467_005,2008--Fortini-A-Mendelev-M-I-Buldyrev-S-Srolovitz-D--Ru,8a94f366-a892-461e-9d3d-e30a76276727,metal,atomic,False,kim,active,['Ru'],['Ru']
MO_114797992931,EAM_Dynamo_ZhouZimmermanWong_2008_PdH__MO_114797992931_000,MO_114797992931_000,2008--Zhou-X-W-Zimmerman-J-A-Wong-B-M-Hoyt-J-J--Pd-H,d788f3a8-6884-4a89-80ae-c66f0abdfa1a,metal,atomic,False,kim,active,"['Pd', 'H']","['Pd', 'H']"
MO_115316750986,EMT_Asap_Standard_JacobsenStoltzeNorskov_1996_AlAgAuCuNiPdPt__MO_115316750986_001,MO_115316750986_001,1996--Jacobsen-K-W-Stoltze-P-Norskov-J-K--Al-Ag-Au-Cu-Ni-Pd-Pt,dd581609-b17f-433a-952a-e746a2bf1d4f,metal,atomic,False,kim,active,"['Al', 'Ag', 'Au', 'Cu', 'Ni', 'Pd', 'Pt']","['Al', 'Ag', 'Au', 'Cu', 'Ni', 'Pd', 'Pt']"
MO_115454747503,MEAM_LAMMPS_ChoiJoSohn_2018_CoNiCrFeMn__MO_115454747503_000,MO_115454747503_000,,,metal,atomic,False,kim,active,[],[]
MO_116920074573,EAM_Dynamo_ZhouJohnsonWadley_2004_Pb__MO_116920074573_005,MO_116920074573_005,2004--Zhou-X-W-Johnson-R-A-Wadley-H-N-G--Pb,1c592eb1-3cdd-4090-aa0b-e7246f7d5f91,metal,atomic,False,kim,active,['Pb'],['Pb']
MO_117656786760,EAM_Dynamo_ZopeMishin_2003_TiAl__MO_117656786760_005,MO_117656786760_005,2003--Zope-R-R-Mishin-Y--Ti-Al,274cbc15-b7c1-4701-a3e8-07b0b046ad7b,metal,atomic,False,kim,active,"['Ti', 'Al']","['Ti', 'Al']"
MO_117938381510,MEAM_2NN_GaInN__MO_117938381510_001,MO_117938381510_001,,,metal,atomic,False,kim,active,[],[]
MO_118428466217,EMT_Asap_Standard_Jacobsen_Stoltze_Norskov_AlAgAuCuNiPdPt__MO_118428466217_002,MO_118428466217_002,,,metal,atomic,False,kim,active,[],[]
MO_119135752160,EAM_Dynamo_HoytGarvinWebb_2003_PbCu__MO_119135752160_005,MO_119135752160_005,2003--Hoyt-J-J-Garvin-J-W-Webb-E-B-Asta-M--Cu-Pb,466022ce-1cac-404c-8d5a-1bdd5b60a7a2,metal,atomic,False,kim,active,"['Cu', 'Pb']","['Cu', 'Pb']"
MO_119167353542,SW_HauchHollandMarder_1999Brittle_Si__MO_119167353542_004,MO_119167353542_004,1999--Hauch-J-A-Holland-D-Marder-M-P-Swinney-H-L--Si,ea531207-cc09-4d62-9ffa-0a3a3089598c,metal,atomic,False,kim,active,['Si'],['Si']
MO_120596890176,EAM_Dynamo_MendelevSordeletKramer_2007_CuZr__MO_120596890176_005,MO_120596890176_005,2007--Mendelev-M-I-Sordelet-D-J-Kramer-M-J--Cu-Zr,fbb1e782-509e-4103-a735-db0050ad7477,metal,atomic,False,kim,active,"['Cu', 'Zr']","['Cu', 'Zr']"
MO_120808805541,EAM_Dynamo_SturgeonLaird_2000_Al__MO_120808805541_005,MO_120808805541_005,2000--Sturgeon-J-B-Laird-B-B--Al,2f8b74ea-a973-4236-ad16-65e370d4d3a4,metal,atomic,False,kim,active,['Al'],['Al']
MO_122703700223,EAM_IMD_BrommerGaehler_2006A_AlNiCo__MO_122703700223_003,MO_122703700223_003,2006--Brommer-P-Gahler-F--Al-Ni-Co-a,d9d45ceb-90db-4c90-b538-265b83b3e412,metal,atomic,False,kim,active,"['Al', 'Ni', 'Co']","['Al', 'Ni', 'Co']"
MO_122936827583,MEAM_LAMMPS_MirazDhariwalMeng_2020_CuNTi__MO_122936827583_000,MO_122936827583_000,,,metal,atomic,False,kim,active,[],[]
MO_123629422045,EAM_Dynamo_ErcolessiAdams_1994_Al__MO_123629422045_005,MO_123629422045_005,1994--Ercolessi-F-B-Adams-J--Al,2ce1cf6d-9c87-4b29-89d2-9885a928fbe7,metal,atomic,False,kim,active,['Al'],['Al']
MO_126566794224,LJ_Shifted_Bernardes_1958MedCutoff_Ar__MO_126566794224_004,MO_126566794224_004,1958--Bernardes-N--Ar,24c37060-bdcd-47a9-ba96-33efe0691930,metal,atomic,False,kim,active,['Ar'],['Ar']
MO_126942667206,TT_Modified_HellmannBichVogel_2007_He__MO_126942667206_002,MO_126942667206_002,2007--Hellmann-R-Bich-E-Vogel-E--He,d49346a8-e05a-4e6b-89bb-8e8073a0620a,metal,atomic,False,kim,active,['He'],['He']
MO_127245782811,EAM_Dynamo_ZhouJohnsonWadley_2004_Cu__MO_127245782811_005,MO_127245782811_005,2004--Zhou-X-W-Johnson-R-A-Wadley-H-N-G--Cu,2b5389d5-0313-43be-a7c7-ce9130ba51b8,metal,atomic,False,kim,active,['Cu'],['Cu']
MO_127847080751,MEAM_LAMMPS_KoShimLee_2011_AlH__MO_127847080751_000,MO_127847080751_000,,,metal,atomic,False,kim,active,[],[]
MO_128037485276,EAM_IMD_BrommerGaehler_2006B_AlNiCo__MO_128037485276_003,MO_128037485276_003,2006--Brommer-P-Gahler-F--Al-Ni-Co-b,2073965d-e0d0-4aaf-a4cc-d5e98fc32a81,metal,atomic,False,kim,active,"['Al', 'Ni', 'Co']","['Al', 'Ni', 'Co']"
MO_128703483589,EAM_Dynamo_WilliamsMishinHamilton_2006_CuAg__MO_128703483589_005,MO_128703483589_005,2006--Williams-P-L-Mishin-Y-Hamilton-J-C--Cu-Ag,cfe3a54f-c3b2-4b61-8b03-165613bdd829,metal,atomic,False,kim,active,"['Cu', 'Ag']","['Cu', 'Ag']"
MO_129364204512,MEAM_LAMMPS_KoKimKwon_2018_Sn__MO_129364204512_000,MO_129364204512_000,,,metal,atomic,False,kim,active,[],[]
MO_129433059219,EDIP_BelkoGusakovDorozhkin_2010_Ge__MO_129433059219_001,MO_129433059219_001,2010--Belko-V-I-Gusakov-V-E-Dorozhkin-N-N--Ge,a30cfe8c-3bf1-4d4d-93fa-155dc5c637d8,metal,atomic,False,kim,active,['Ge'],['Ge']
MO_130046220009,EAM_Dynamo_ZhouJohnsonWadley_2004_Ta__MO_130046220009_005,MO_130046220009_005,2004--Zhou-X-W-Johnson-R-A-Wadley-H-N-G--Ta,04aa4a53-9229-4c6a-8a03-1e8836fd8712,metal,atomic,False,kim,active,['Ta'],['Ta']
MO_131620013077,EAM_Dynamo_WilliamsMishinHamilton_2006_Ag__MO_131620013077_005,MO_131620013077_005,2006--Williams-P-L-Mishin-Y-Hamilton-J-C--Ag,ce32faaf-5d57-4861-a2ec-efbfc63f07e6,metal,atomic,False,kim,active,['Ag'],['Ag']
MO_131642768288,MEAM_LAMMPS_CostaAgrenClavaguera_2007_AlNi__MO_131642768288_000,MO_131642768288_000,,,metal,atomic,False,kim,active,[],[]
MO_131650261510,EAM_Dynamo_ZhouJohnsonWadley_2004_Al__MO_131650261510_005,MO_131650261510_005,2004--Zhou-X-W-Johnson-R-A-Wadley-H-N-G--Al,5aad5c57-cd85-48b3-acb0-db0cc4f68e31,metal,atomic,False,kim,active,['Al'],['Al']
MO_134206624109,MEAM_LAMMPS_KimLee_2008_TiC__MO_134206624109_000,MO_134206624109_000,,,metal,atomic,False,kim,active,[],[]
MO_135034229282,EAM_MagneticCubic_DudarevDerlet_2005_Fe__MO_135034229282_002,MO_135034229282_002,2005--Dudarev-S-L-Derlet-P-M--Fe,340d3301-a6ab-4800-984f-1f3cee9890b2,metal,atomic,False,kim,active,['Fe'],['Fe']
MO_135739722270,MEAM_LAMMPS_AhmadGrohGhazisaeidi_2018_MgY__MO_135739722270_000,MO_135739722270_000,,,metal,atomic,False,kim,active,[],[]
MO_137404467969,EAM_Dynamo_ZhouJohnsonWadley_2004_Mg__MO_137404467969_005,MO_137404467969_005,2004--Zhou-X-W-Johnson-R-A-Wadley-H-N-G--Mg,816ed50d-9e0c-4bd2-8a9a-dca83d4e0bb8,metal,atomic,False,kim,active,['Mg'],['Mg']
MO_137572817842,EAM_Dynamo_SchopfBrommerFrigan_2012_AlMnPd__MO_137572817842_000,MO_137572817842_000,2012--Schopf-D-Brommer-P-Frigan-B-Trebin-H-R--Al-Mn-Pd,bdd76724-0693-4e46-8a9a-39e1bc2204ce,metal,atomic,False,kim,active,"['Al', 'Mn', 'Pd']","['Al', 'Mn', 'Pd']"
MO_137719994600,Morse_Shifted_GirifalcoWeizer_1959LowCutoff_Ag__MO_137719994600_004,MO_137719994600_004,1959--Girifalco-L-A-Weizer-V-G--Ag,ab71e60e-3f45-4eb4-9c92-7feb98f7e168,metal,atomic,False,kim,active,['Ag'],['Ag']
MO_137964310702,Tersoff_LAMMPS_MuellerErhartAlbe_2007_Fe__MO_137964310702_003,MO_137964310702_003,2007--Muller-M-Erhart-P-Albe-K--Fe,3c73b662-4916-453b-b5ad-852a216b635e,metal,atomic,False,kim,active,['Fe'],['Fe']
MO_140175748626,Morse_Shifted_GirifalcoWeizer_1959HighCutoff_Al__MO_140175748626_004,MO_140175748626_004,1959--Girifalco-L-A-Weizer-V-G--Al,6f01c8df-fdd9-47f7-91e9-184cef488a36,metal,atomic,False,kim,active,['Al'],['Al']
MO_140444321607,EAM_Magnetic2GQuintic_ChiesaDerletDudarev_2011_Fe__MO_140444321607_002,MO_140444321607_002,2011--Chiesa-S-Derlet-P-M-Dudarev-S-L-Swygenhoven-H-V--Fe-33,3af85e6e-db61-4ac1-b211-1fd36768b400,metal,atomic,False,kim,active,['Fe'],['Fe']
MO_141627196590,EAM_Dynamo_Ackland_2003_W__MO_141627196590_005,MO_141627196590_005,2003--Han-S-Zepeda-Ruiz-L-A-Ackland-G-J-et-al--W,4be111f4-c616-4196-8912-6809c97e5ecb,metal,atomic,False,kim,active,['W'],['W']
MO_142799717516,EAM_Dynamo_AcklandBaconCalder_1997_Fe__MO_142799717516_005,MO_142799717516_005,1997--Ackland-G-J-Bacon-D-J-Calder-A-F-Harry-T--Fe,372f9e5f-dcbd-4cc6-902a-ebcafd664018,metal,atomic,False,kim,active,['Fe'],['Fe']
MO_143487634619,Morse_Shifted_GirifalcoWeizer_1959LowCutoff_Ba__MO_143487634619_004,MO_143487634619_004,1959--Girifalco-L-A-Weizer-V-G--Ba,6a48283f-2dd6-44fb-8bbc-dc8e58e9efb9,metal,atomic,False,kim,active,['Ba'],['Ba']
MO_143977152728,EAM_Dynamo_HepburnAckland_2008_FeC__MO_143977152728_005,MO_143977152728_005,2008--Hepburn-D-J-Ackland-G-J--Fe-C,88820775-7b63-43bb-8c1c-026a5264b351,metal,atomic,False,kim,active,"['Fe', 'C']","['Fe', 'C']"
MO_144828415103,EAM_Dynamo_NicholAckland_2016v2_Cs__MO_144828415103_000,MO_144828415103_000,2016--Nichol-A-Ackland-G-J--Cs,ca73cf4e-aaae-40f6-9592-6f28abc18029,metal,atomic,False,kim,active,['Cs'],['Cs']
MO_145183423516,EAM_IMD_BrommerGaehlerMihalkovic_2007_CaCd__MO_145183423516_003,MO_145183423516_003,2007--Brommer-P-Gahler-F-Mihalkovic-M--Ca-Cd,dc6f37b4-e1bb-4a5b-a88e-106f00813678,metal,atomic,False,kim,active,"['Ca', 'Cd']","['Ca', 'Cd']"
MO_145522277939,MEAM_2NN_Fe_to_Ga__MO_145522277939_001,MO_145522277939_001,,,metal,atomic,False,kim,active,"['Cr', 'Fe', 'Mo', 'Nb', 'Ta', 'V', 'W', 'Ag', 'Al', 'Au', 'Cu', 'Ni', 'Pb', 'Pd', 'Pt', 'C', 'Ti', 'Zr', 'N', 'Si', 'H', 'In', 'Ge', 'Mg', 'Mn', 'Co', 'Li', 'P']","['Cr', 'Fe', 'Mo', 'Nb', 'Ta', 'V', 'W', 'Ag', 'Al', 'Au', 'Cu', 'Ni', 'Pb', 'Pd', 'Pt', 'C', 'Ti', 'Zr', 'N', 'Si', 'H', 'In', 'Ge', 'Mg', 'Mn', 'Co', 'Li', 'P']"
MO_145873824897,EAM_Dynamo_AdamsFoilesWolfer_1989Universal6_Cu__MO_145873824897_000,MO_145873824897_000,1989--Adams-J-B-Foiles-S-M-Wolfer-W-G--Cu,69d9f89a-f9a2-47ef-bd15-415d1bb7a9ba,metal,atomic,False,kim,active,['Cu'],['Cu']
MO_147245690895,Morse_Shifted_GirifalcoWeizer_1959MedCutoff_Rb__MO_147245690895_004,MO_147245690895_004,1959--Girifalco-L-A-Weizer-V-G--Rb,da503e28-b44f-4759-92d1-bcb5c8ceaceb,metal,atomic,False,kim,active,['Rb'],['Rb']
MO_147603128437,Morse_Shifted_GirifalcoWeizer_1959HighCutoff_Fe__MO_147603128437_004,MO_147603128437_004,1959--Girifalco-L-A-Weizer-V-G--Fe,e58e0b6d-17dd-447e-8bf3-57fb013706d2,metal,atomic,False,kim,active,['Fe'],['Fe']
MO_149104665840,EAM_Dynamo_MendelevKramerHao_2012_NiZr__MO_149104665840_005,MO_149104665840_005,2012--Mendelev-M-I-Kramer-M-J-Hao-S-G-et-al--Ni-Zr,2d5b5a05-a57f-4986-95ea-c5940c51d4d7,metal,atomic,False,kim,active,"['Ni', 'Zr']","['Ni', 'Zr']"
MO_149316865608,EAM_Dynamo_WineyKubotaGupta_2010_Al__MO_149316865608_005,MO_149316865608_005,2009--Winey-J-M-Kubota-A-Gupta-Y-M--Al,880e9ae4-d244-4333-8d8a-924700c90084,metal,atomic,False,kim,active,['Al'],['Al']
MO_151002396060,Morse_Shifted_GirifalcoWeizer_1959HighCutoff_Cu__MO_151002396060_004,MO_151002396060_004,1959--Girifalco-L-A-Weizer-V-G--Cu,7f6bbe87-3a1a-44a1-aa71-ac20311c12d3,metal,atomic,False,kim,active,['Cu'],['Cu']
MO_154399806462,model_ArCHHeXe_BOP_AIREBO__MO_154399806462_001,MO_154399806462_001,2000--Stuart-S-J-Tutein-A-B-Harrison-J-A--H-He-C-Ar-Xe,f5a5b993-0d2f-450e-ba26-59c5b148c700,metal,atomic,False,kim,active,"['H', 'He', 'C', 'Ar', 'Xe']","['H', 'He', 'C', 'Ar', 'Xe']"
MO_159753408472,Morse_Shifted_GirifalcoWeizer_1959HighCutoff_Ca__MO_159753408472_004,MO_159753408472_004,1959--Girifalco-L-A-Weizer-V-G--Ca,5f697b25-c341-4237-9490-5d304682acc4,metal,atomic,False,kim,active,['Ca'],['Ca']
MO_160637895352,LJ_Shifted_Bernardes_1958MedCutoff_Ne__MO_160637895352_004,MO_160637895352_004,1958--Bernardes-N--Ne,90c2411b-6b91-41a9-a562-7544e1bea780,metal,atomic,False,kim,active,['Ne'],['Ne']
MO_162036141261,MEAM_LAMMPS_SaLee_2008_NbFe__MO_162036141261_000,MO_162036141261_000,,,metal,atomic,False,kim,active,[],[]
MO_162736908871,MEAM_LAMMPS_EtesamiBaskesLaradji_2018_PbSn__MO_162736908871_000,MO_162736908871_000,,,metal,atomic,False,kim,active,[],[]
MO_169076431435,EAM_Dynamo_AdamsFoilesWolfer_1989Universal6_Pd__MO_169076431435_000,MO_169076431435_000,1989--Adams-J-B-Foiles-S-M-Wolfer-W-G--Pd,d43c300c-e557-42f8-87a0-c26cf82370df,metal,atomic,False,kim,active,['Pd'],['Pd']
MO_169434419764,Morse_Shifted_Glyde_1970_Ne__MO_169434419764_004,MO_169434419764_004,1970--Glyde-H-R--Ne,71aee357-27ef-4b79-af47-046b3d8119c8,metal,atomic,False,kim,active,['Ne'],['Ne']
MO_171585019474,Tersoff_LAMMPS_Tersoff_1989_SiC__MO_171585019474_003,MO_171585019474_003,1989--Tersoff-J--Si-C,f6b04d63-2165-423d-bfe6-15c606e09b82,metal,atomic,False,kim,active,"['Si', 'C']","['Si', 'C']"
MO_173248269481,EAM_Dynamo_Zhakhovsky_2009_Au__MO_173248269481_000,MO_173248269481_000,2009--Zhakhovskii-V-V-Inogamov-N-A-Petrov-Y-V-et-al--Au,dd5ace05-9089-4586-a1a9-a8a7ac3f4695,metal,atomic,False,kim,active,['Au'],['Au']
MO_173787283511,Morse_Shifted_GirifalcoWeizer_1959MedCutoff_Cu__MO_173787283511_004,MO_173787283511_004,1959--Girifalco-L-A-Weizer-V-G--Cu,7f6bbe87-3a1a-44a1-aa71-ac20311c12d3,metal,atomic,False,kim,active,['Cu'],['Cu']
MO_179025990738,EAM_Dynamo_AcklandTichyVitek_1987_Cu__MO_179025990738_005,MO_179025990738_005,1987--Ackland-G-J-Tichy-G-Vitek-V-Finnis-M-W--Cu,41ea33df-5737-4c25-b94c-a708f063f26f,metal,atomic,False,kim,active,['Cu'],['Cu']
MO_179158257180,MEAM_LAMMPS_ChoiKimSeol_2017_CoFe__MO_179158257180_000,MO_179158257180_000,,,metal,atomic,False,kim,active,[],[]
MO_179420363944,MEAM_LAMMPS_KoJimLee_2012_FeP__MO_179420363944_000,MO_179420363944_000,,,metal,atomic,False,kim,active,[],[]
MO_183216355174,SNAP_ZuoChenLi_2019_Ge__MO_183216355174_000,MO_183216355174_000,2020--Zuo-Y-Chen-C-Li-X-et-al--Ge-SNAP,78d1416a-fe15-4750-818b-fc404f82b240,metal,atomic,False,kim,active,['Ge'],['Ge']
MO_186459956893,Tersoff_LAMMPS_Tersoff_1988T3_Si__MO_186459956893_003,MO_186459956893_003,1988--Tersoff-J--Si-c,ddd7d77b-7c4d-4de3-b703-97fdd0869457,metal,atomic,False,kim,active,['Si'],['Si']
MO_187111446479,Morse_Shifted_GirifalcoWeizer_1959HighCutoff_Cs__MO_187111446479_004,MO_187111446479_004,1959--Girifalco-L-A-Weizer-V-G--Cs,8d561d50-26d9-43d6-822a-e95a4be93436,metal,atomic,False,kim,active,['Cs'],['Cs']
MO_188701096956,EAM_Dynamo_Pun_2017_Au__MO_188701096956_000,MO_188701096956_000,2017--Purja-Pun-G-P--Au,ef908258-25d1-439e-8223-3bf4df924ed0,metal,atomic,False,kim,active,['Au'],['Au']
MO_195478838873,EAM_MagneticCubic_DerletNguyenDudarev_2007_W__MO_195478838873_002,MO_195478838873_002,2007--Derlet-P-M-Nguyen-Manh-D-Dudarev-S-L--W,e0c81c9d-9b0e-45ee-a1dc-37433d6edf28,metal,atomic,False,kim,active,['W'],['W']
MO_201919462778,SW_MX2_WenShirodkarPlechac_2017_MoS__MO_201919462778_001,MO_201919462778_001,2017--Wen-M-Shirodkar-S-N-Plechac-P-et-al--Mo-S,52f709be-824b-4a23-ad87-955b95db4792,metal,atomic,False,kim,active,"['Mo', 'S']","['Mo', 'S']"
MO_202712315930,Morse_Shifted_GirifalcoWeizer_1959MedCutoff_K__MO_202712315930_004,MO_202712315930_004,1959--Girifalco-L-A-Weizer-V-G--K,4a0e4ca0-051d-48dc-81b9-eb6af527628a,metal,atomic,False,kim,active,['K'],['K']
MO_204305659515,EAM_Dynamo_MarinicaVentelonGilbert_2013EAM2_W__MO_204305659515_000,MO_204305659515_000,2013--Marinica-M-C-Ventelon-L-Gilbert-M-R-et-al--W-2,35eb4e57-5629-4b16-a21d-f87367d10a51,metal,atomic,False,kim,active,['W'],['W']
MO_212700056563,EAM_Dynamo_AcklandTichyVitek_1987_Ag__MO_212700056563_005,MO_212700056563_005,1987--Ackland-G-J-Tichy-G-Vitek-V-Finnis-M-W--Ag,dc4149ce-3592-4131-8683-ecf654d5a519,metal,atomic,False,kim,active,['Ag'],['Ag']
MO_216597146527,ThreeBodyBondOrder_KDS_KhorDasSarma_1988_Ge__MO_216597146527_000,MO_216597146527_000,1988--Khor-K-E-Das-Sarma-S--Ge,f41d8b7b-860a-4921-b676-54be79e01a80,metal,atomic,False,kim,active,['Ge'],['Ge']
MO_217710069583,TIDP_RajanWarnerCurtin_2016B_User01__MO_217710069583_001,MO_217710069583_001,2016--Rajan-V-P-Warner-D-H-Curtin-W-A--fictional-toy-b,b843ea90-63cd-4abc-a2b6-8d75dae440b2,metal,atomic,False,kim,active,['user01'],['toy']
MO_218026715338,EAM_MagneticCubic_DerletNguyenDudarev_2007_Nb__MO_218026715338_002,MO_218026715338_002,2007--Derlet-P-M-Nguyen-Manh-D-Dudarev-S-L--Nb,81935581-5d5e-4a1a-8dc5-e0bfb97bf4b4,metal,atomic,False,kim,active,['Nb'],['Nb']
MO_227887284491,MEAM_LAMMPS_EtesamiAsadi_2018_Cu__MO_227887284491_000,MO_227887284491_000,,,metal,atomic,False,kim,active,[],[]
MO_228059236215,EMT_Asap_MetalGlass_BaileySchiotzJacobsen_2004_CuMg__MO_228059236215_001,MO_228059236215_001,2004--Bailey-N-P-Schiotz-J-Jacobsen-K-W--Cu-Mg,120a3b51-6110-4061-84df-f790598647dc,metal,atomic,False,kim,active,"['Cu', 'Mg']","['Cu', 'Mg']"
MO_228280943430,EAM_Dynamo_Olsson_2010_Au__MO_228280943430_000,MO_228280943430_000,2010--Olsson-P-A-T--Au,5b382441-b1b6-4734-aaa8-bdffe573b55e,metal,atomic,False,kim,active,['Au'],['Au']
MO_228581001644,Morse_Shifted_GirifalcoWeizer_1959LowCutoff_Mo__MO_228581001644_004,MO_228581001644_004,1959--Girifalco-L-A-Weizer-V-G--Mo,1b3c2a68-da27-47d1-8844-b0e28f3c3d6c,metal,atomic,False,kim,active,['Mo'],['Mo']
MO_229241184339,Morse_Shifted_GirifalcoWeizer_1959MedCutoff_Ba__MO_229241184339_004,MO_229241184339_004,1959--Girifalco-L-A-Weizer-V-G--Ba,6a48283f-2dd6-44fb-8bbc-dc8e58e9efb9,metal,atomic,False,kim,active,['Ba'],['Ba']
MO_230319944007,EAM_Dynamo_ZhouJohnsonWadley_2004NISTretabulation_Mo__MO_230319944007_000,MO_230319944007_000,2004--Zhou-X-W-Johnson-R-A-Wadley-H-N-G--Mo,7447a36d-7f5c-4562-b569-825d3cf66cc1,metal,atomic,False,kim,active,['Mo'],['Mo']
MO_234187151804,EAM_Dynamo_BonnyBakaevTerentyev_2017_WRe__MO_234187151804_000,MO_234187151804_000,2017--Bonny-G-Bakaev-A-Terentyev-D-Mastrikov-Y-A--W-Re,57fe7a02-b8ad-4362-b98f-6439c9ad14dd,metal,atomic,False,kim,active,"['W', 'Re']","['W', 'Re']"
MO_242741380554,LJ_Shifted_Bernardes_1958HighCutoff_Ar__MO_242741380554_004,MO_242741380554_004,1958--Bernardes-N--Ar,24c37060-bdcd-47a9-ba96-33efe0691930,metal,atomic,False,kim,active,['Ar'],['Ar']
MO_245095684871,Tersoff_LAMMPS_Tersoff_1988T2_Si__MO_245095684871_003,MO_245095684871_003,1988--Tersoff-J--Si-b,fc49b18c-eb42-4e83-bf2f-4f1fe334be77,metal,atomic,False,kim,active,['Si'],['Si']
MO_245813471114,Morse_Shifted_GirifalcoWeizer_1959MedCutoff_Cr__MO_245813471114_004,MO_245813471114_004,1959--Girifalco-L-A-Weizer-V-G--Cr,d439adf5-6edb-43de-a70d-4214c288db42,metal,atomic,False,kim,active,['Cr'],['Cr']
MO_246297839798,TIDP_RajanWarnerCurtin_2016F_User01__MO_246297839798_001,MO_246297839798_001,2016--Rajan-V-P-Warner-D-H-Curtin-W-A--fictional-toy-f,88b50c32-2fc3-44e0-a7af-4268839d6b12,metal,atomic,False,kim,active,['user01'],['toy']
MO_247800397145,EAM_Dynamo_ZhouJohnsonWadley_2004NISTretabulation_Co__MO_247800397145_000,MO_247800397145_000,2004--Zhou-X-W-Johnson-R-A-Wadley-H-N-G--Co,86bc9f81-1601-4a4f-bcc1-f5d7d96c3e9b,metal,atomic,False,kim,active,['Co'],['Co']
MO_249706810527,EAM_Dynamo_MendelevHanSon_2007_VFe__MO_249706810527_005,MO_249706810527_005,2007--Mendelev-M-I-Han-S-Son-W-et-al--V-Fe,6b558c94-3b96-4bc1-840f-48521e8770b6,metal,atomic,False,kim,active,"['V', 'Fe']","['V', 'Fe']"
MO_255315407910,EAM_Dynamo_Marinica_2011_Fe__MO_255315407910_000,MO_255315407910_000,2012--Proville-L-Rodney-D-Marinica-M-C--Fe,8d55ef4d-6451-453e-b636-5ff1e2552d18,metal,atomic,False,kim,active,['Fe'],['Fe']
MO_256406354561,Morse_Shifted_GirifalcoWeizer_1959LowCutoff_Cs__MO_256406354561_004,MO_256406354561_004,1959--Girifalco-L-A-Weizer-V-G--Cs,8d561d50-26d9-43d6-822a-e95a4be93436,metal,atomic,False,kim,active,['Cs'],['Cs']
MO_258836200237,EAM_Dynamo_AdamsFoilesWolfer_1989Universal6_Ni__MO_258836200237_000,MO_258836200237_000,1989--Adams-J-B-Foiles-S-M-Wolfer-W-G--Ni,e4cf8356-8b84-4e07-ac2b-580419a21730,metal,atomic,False,kim,active,['Ni'],['Ni']
MO_260546967793,MEAM_LAMMPS_SaLee_2008_FeTi__MO_260546967793_000,MO_260546967793_000,,,metal,atomic,False,kim,active,[],[]
MO_261274272789,EAM_MagneticCubic_DerletNguyenDudarev_2007_Ta__MO_261274272789_002,MO_261274272789_002,2007--Derlet-P-M-Nguyen-Manh-D-Dudarev-S-L--Ta,f048f40b-0183-4428-84d8-8f48b725fe41,metal,atomic,False,kim,active,['Ta'],['Ta']
MO_262519520678,MEAM_LAMMPS_JelinekGrohHorstemeyer_2012_AlSiMgCuFe__MO_262519520678_000,MO_262519520678_000,,,metal,atomic,False,kim,active,[],[]
MO_263593395744,SNAP_ZuoChenLi_2019quadratic_Ni__MO_263593395744_000,MO_263593395744_000,2020--Zuo-Y-Chen-C-Li-X-et-al--Ni-qSNAP,d996aef6-f06f-418b-9130-df79b9b4b0df,metal,atomic,False,kim,active,['Ni'],['Ni']
MO_265210066873,SNAP_ZuoChenLi_2019quadratic_Cu__MO_265210066873_000,MO_265210066873_000,2020--Zuo-Y-Chen-C-Li-X-et-al--Cu-qSNAP,efc90964-6370-452d-aea0-dd91bd0469ca,metal,atomic,False,kim,active,['Cu'],['Cu']
MO_267721408934,EAM_Dynamo_BonnyPasianotMalerba_2009_FeNi__MO_267721408934_005,MO_267721408934_005,2009--Bonny-G-Pasianot-R-C-Malerba-L--Fe-Ni,d11fb3e1-ada3-4cfd-b755-426607af4716,metal,atomic,False,kim,active,"['Fe', 'Ni']","['Fe', 'Ni']"
MO_269937397263,MEAM_LAMMPS_ParkFellingerLenosky_2012_Mo__MO_269937397263_000,MO_269937397263_000,,,metal,atomic,False,kim,active,[],[]
MO_270337113239,EAM_Dynamo_WuTrinkle_2009_CuAg__MO_270337113239_005,MO_270337113239_005,2009--Wu-H-H-Trinkle-D-R--Cu-Ag,4001be29-5c6f-4fe9-bae3-71371cb247b6,metal,atomic,False,kim,active,"['Cu', 'Ag']","['Cu', 'Ag']"
MO_271256517527,EAM_Dynamo_ZhouJohnsonWadley_2004_Mo__MO_271256517527_005,MO_271256517527_005,2004--Zhou-X-W-Johnson-R-A-Wadley-H-N-G--Mo,7447a36d-7f5c-4562-b569-825d3cf66cc1,metal,atomic,False,kim,active,['Mo'],['Mo']
MO_279544746097,Morse_Shifted_GirifalcoWeizer_1959MedCutoff_Al__MO_279544746097_004,MO_279544746097_004,1959--Girifalco-L-A-Weizer-V-G--Al,6f01c8df-fdd9-47f7-91e9-184cef488a36,metal,atomic,False,kim,active,['Al'],['Al']
MO_280985530673,MEAM_LAMMPS_KimSeolJi_2017_PtTi__MO_280985530673_000,MO_280985530673_000,,,metal,atomic,False,kim,active,[],[]
MO_284963179498,EAM_Dynamo_VailheFarkas_1997_CoAl__MO_284963179498_005,MO_284963179498_005,1997--Vailhe-C-Farkas-D--Co-Al,c58451db-440a-4c87-bbc6-4bef483a3a71,metal,atomic,False,kim,active,"['Co', 'Al']","['Co', 'Al']"
MO_286137913440,EAM_Dynamo_HanZepedaAckland_2003_W__MO_286137913440_000,MO_286137913440_000,2003--Han-S-Zepeda-Ruiz-L-A-Ackland-G-J-et-al--W,4be111f4-c616-4196-8912-6809c97e5ecb,metal,atomic,False,kim,active,['W'],['W']
MO_292520929154,EAM_Dynamo_BonnyGrigorevTerentyev_2014EAM1_WHHe__MO_292520929154_000,MO_292520929154_000,2014--Bonny-G-Grigorev-P-Terentyev-D--W-H-He-1,2a924b21-1fec-4b43-8ce0-9ed732be7c1d,metal,atomic,False,kim,active,"['W', 'H', 'He']","['W', 'H', 'He']"
MO_303974873468,EMT_Asap_Standard_JacobsenStoltzeNorskov_1996_Ag__MO_303974873468_001,MO_303974873468_001,1996--Jacobsen-K-W-Stoltze-P-Norskov-J-K--Ag,f6454462-60ba-46b0-b15e-c29b50c99ca1,metal,atomic,False,kim,active,['Ag'],['Ag']
MO_306032198193,EAM_Dynamo_WilsonMendelev_2015_NiZr__MO_306032198193_000,MO_306032198193_000,2015--Wilson-S-R-Mendelev-M-I--Ni-Zr,ee7b64fc-4e6e-4b43-8de1-082b8f85bd91,metal,atomic,False,kim,active,"['Ni', 'Zr']","['Ni', 'Zr']"
MO_309653492217,MSMEAM_Gibson_Ti__MO_309653492217_000,MO_309653492217_000,2016--Gibson-J--Ti,623f7b3c-95f4-49c2-b9ab-e497547fda5b,metal,atomic,False,kim,active,['Ti'],['Ti']
MO_313717476091,MEAM_LAMMPS_Wagner_2007_Cu__MO_313717476091_000,MO_313717476091_000,,,metal,atomic,False,kim,active,[],[]
MO_315820974149,MEAM_LAMMPS_PascuetFernandez_2015_Al__MO_315820974149_000,MO_315820974149_000,,,metal,atomic,False,kim,active,[],[]
MO_316045643888,MEAM_LAMMPS_VellaChenStillinger_2017_Sn__MO_316045643888_000,MO_316045643888_000,,,metal,atomic,False,kim,active,[],[]
MO_318213562153,EAM_Dynamo_ZhouJohnsonWadley_2004NISTretabulation_CuAgAu__MO_318213562153_000,MO_318213562153_000,2004--Zhou-X-W-Johnson-R-A-Wadley-H-N-G--Cu-Ag-Au,52da31b9-68f7-4c14-9e82-048f6fbdd145,metal,atomic,False,kim,active,"['Cu', 'Ag', 'Au']","['Cu', 'Ag', 'Au']"
MO_321233176498,MEAM_LAMMPS_WuLeeSu_2017_NiFe__MO_321233176498_000,MO_321233176498_000,,,metal,atomic,False,kim,active,[],[]
MO_321355778754,MEAM_LAMMPS_KimKoLee_2020_Na__MO_321355778754_000,MO_321355778754_000,,,metal,atomic,False,kim,active,[],[]
MO_322509103239,Morse_Shifted_GirifalcoWeizer_1959LowCutoff_Ni__MO_322509103239_004,MO_322509103239_004,1959--Girifalco-L-A-Weizer-V-G--Ni,b5951518-9b95-49aa-8827-41a01aef956a,metal,atomic,False,kim,active,['Ni'],['Ni']
MO_324507536345,EAM_ErcolessiAdams_1994_Al__MO_324507536345_003,MO_324507536345_003,1994--Ercolessi-F-B-Adams-J--Al,2ce1cf6d-9c87-4b29-89d2-9885a928fbe7,metal,atomic,False,kim,active,['Al'],['Al']
MO_325675357262,MEAM_LAMMPS_KimLee_2017_MgPb__MO_325675357262_000,MO_325675357262_000,,,metal,atomic,False,kim,active,[],[]
MO_329881861557,MEAM_LAMMPS_KimKoLee_2020_NaSn__MO_329881861557_000,MO_329881861557_000,,,metal,atomic,False,kim,active,[],[]
MO_330376344314,EAM_Dynamo_RaveloGermannGuerrero_2013Ta2_Ta__MO_330376344314_000,MO_330376344314_000,2013--Ravelo-R-Germann-T-C-Guerrero-O-et-al--Ta-2,f6dc059a-6c4a-442b-8190-e364f45a0f5a,metal,atomic,False,kim,active,['Ta'],['Ta']
MO_331285495617,Morse_Shifted_GirifalcoWeizer_1959LowCutoff_Fe__MO_331285495617_004,MO_331285495617_004,1959--Girifalco-L-A-Weizer-V-G--Fe,e58e0b6d-17dd-447e-8bf3-57fb013706d2,metal,atomic,False,kim,active,['Fe'],['Fe']
MO_332211522050,MEAM_LAMMPS_LeeLee_2010_FeAl__MO_332211522050_000,MO_332211522050_000,,,metal,atomic,False,kim,active,[],[]
MO_338600200739,EAM_Dynamo_MendelevFangYe_2015_AlSm__MO_338600200739_000,MO_338600200739_000,2015--Mendelev-M-I-Zhang-F-Ye-Z-et-al--Al-Sm,82be9397-2466-47ee-89d5-6f8b55dd7b5d,metal,atomic,False,kim,active,"['Al', 'Sm']","['Al', 'Sm']"
MO_343168101490,MEAM_LAMMPS_KimLee_2006_PtFe__MO_343168101490_000,MO_343168101490_000,,,metal,atomic,False,kim,active,[],[]
MO_344044439515,MEAM_LAMMPS_WeiZhouLi_2019_BeO__MO_344044439515_000,MO_344044439515_000,,,metal,atomic,False,kim,active,[],[]
MO_344724145339,MEAM_LAMMPS_ShimKoKim_2013_AlVH__MO_344724145339_000,MO_344724145339_000,,,metal,atomic,False,kim,active,[],[]
MO_346334655118,EAM_Dynamo_MishinMehlPapaconstantopoulos_2001_Cu__MO_346334655118_005,MO_346334655118_005,2001--Mishin-Y-Mehl-M-J-Papaconstantopoulos-D-A-et-al--Cu-1,a7910725-e80c-4a53-83e8-adfb5724dc9f,metal,atomic,False,kim,active,['Cu'],['Cu']
MO_348689608050,MEAM_LAMMPS_ChoiKimSeol_2017_NiMn__MO_348689608050_000,MO_348689608050_000,,,metal,atomic,False,kim,active,[],[]
MO_350526375143,Tersoff_LAMMPS_Tersoff_1989_SiGe__MO_350526375143_003,MO_350526375143_003,1989--Tersoff-J--Si-Ge,866a3898-fa41-42e0-9b2c-7a25beb42604,metal,atomic,False,kim,active,"['Si', 'Ge']","['Si', 'Ge']"
MO_353393547686,MEAM_LAMMPS_JeongParkDo_2018_PdCu__MO_353393547686_000,MO_353393547686_000,,,metal,atomic,False,kim,active,[],[]
MO_354152387712,MEAM_LAMMPS_NouranianTschoppGwaltney_2014_CH__MO_354152387712_000,MO_354152387712_000,,,metal,atomic,False,kim,active,[],[]
MO_356501945107,MEAM_LAMMPS_JeongParkDo_2018_PdMo__MO_356501945107_000,MO_356501945107_000,,,metal,atomic,False,kim,active,[],[]
MO_359768485367,SNAP_ThompsonSwilerTrott_2015_Ta__MO_359768485367_000,MO_359768485367_000,2015--Thompson-A-P-Swiler-L-P-Trott-C-R-et-al--Ta,92dfd6c7-21ec-4357-927f-acf3d7ad896c,metal,atomic,False,kim,active,['Ta'],['Ta']
MO_360068930164,MEAM_LAMMPS_YangQi_2019_Nb__MO_360068930164_000,MO_360068930164_000,,,metal,atomic,False,kim,active,[],[]
MO_365106510449,SNAP_ZuoChenLi_2019_Ni__MO_365106510449_000,MO_365106510449_000,2020--Zuo-Y-Chen-C-Li-X-et-al--Ni-SNAP,8dc67fff-34b6-46e7-9118-637bcf8b2625,metal,atomic,False,kim,active,['Ni'],['Ni']
MO_370271093517,Morse_Shifted_GirifalcoWeizer_1959HighCutoff_Pb__MO_370271093517_004,MO_370271093517_004,1959--Girifalco-L-A-Weizer-V-G--Pb,4dc4b4ea-0590-4990-930b-03eee8de3c09,metal,atomic,False,kim,active,['Pb'],['Pb']
MO_380166217430,EAM_Dynamo_ZhouJohnsonWadley_2004NISTretabulation_Zr__MO_380166217430_000,MO_380166217430_000,2004--Zhou-X-W-Johnson-R-A-Wadley-H-N-G--Zr,6ccabaad-9825-4d97-9f9d-3058fca15806,metal,atomic,False,kim,active,['Zr'],['Zr']
MO_380272712420,MEAM_LAMMPS_WangOhLee_2020_CuMo__MO_380272712420_000,MO_380272712420_000,,,metal,atomic,False,kim,active,[],[]
MO_380822813353,EAM_Dynamo_ZhouWadleyJohnson_2001_Cu__MO_380822813353_000,MO_380822813353_000,2001--Zhou-X-W-Wadley-H-N-G-Johnson-R-A-et-al--Cu,f4b1a594-ff7b-492e-98d9-a693a4a3b66b,metal,atomic,False,kim,active,['Cu'],['Cu']
MO_381114941873,SW_BalamaneHauchShi_2017Brittle_Si__MO_381114941873_002,MO_381114941873_002,1999--Hauch-J-A-Holland-D-Marder-M-P-Swinney-H-L--Si,ea531207-cc09-4d62-9ffa-0a3a3089598c,metal,atomic,False,kim,active,['Si'],['Si']
MO_381861218831,Morse_Shifted_GirifalcoWeizer_1959HighCutoff_Ni__MO_381861218831_004,MO_381861218831_004,1959--Girifalco-L-A-Weizer-V-G--Ni,b5951518-9b95-49aa-8827-41a01aef956a,metal,atomic,False,kim,active,['Ni'],['Ni']
MO_388062184209,EAM_Dynamo_AdamsFoilesWolfer_1989Universal6_Pt__MO_388062184209_000,MO_388062184209_000,1989--Adams-J-B-Foiles-S-M-Wolfer-W-G--Pt,6f92bdbe-0eea-4865-ac81-888e522b6a90,metal,atomic,False,kim,active,['Pt'],['Pt']
MO_390128289865,Morse_Shifted_GirifalcoWeizer_1959MedCutoff_W__MO_390128289865_004,MO_390128289865_004,1959--Girifalco-L-A-Weizer-V-G--W,aa4a406f-25b7-4627-b494-0b92b32b7485,metal,atomic,False,kim,active,['W'],['W']
MO_390178379548,MEAM_LAMMPS_AsadiZaeemNouranian_2015_Cu__MO_390178379548_000,MO_390178379548_000,,,metal,atomic,False,kim,active,[],[]
MO_394669891912,Dipole_Umeno_YSZ__MO_394669891912_001,MO_394669891912_001,2013--Umeno-Y-Iskandarov-A-M-Kubo-A-Albina-J-M--O-Y-Zr,b2299c5a-b606-435f-af30-0172f04119bb,metal,atomic,False,kim,active,"['O', 'Y', 'Zr']","['O', 'Y', 'Zr']"
MO_396616545191,EMT_Asap_Standard_JacobsenStoltzeNorskov_1996_Cu__MO_396616545191_001,MO_396616545191_001,1996--Jacobsen-K-W-Stoltze-P-Norskov-J-K--Cu,91719601-a471-4108-892e-b6d1ce02b805,metal,atomic,False,kim,active,['Cu'],['Cu']
MO_398194508715,LJ_Truncated_Nguyen_2005_Ar__MO_398194508715_001,MO_398194508715_001,2005--Nguyen-T-X-Bhatia-S-K-Nicholson-D--Ar,09bf90c7-df1b-4058-afd2-729e2d9de46b,metal,atomic,False,kim,active,['Ar'],['Ar']
MO_398441626455,EAM_Dynamo_AcklandWoodingBacon_1995v2_Zr__MO_398441626455_000,MO_398441626455_000,1995--Ackland-G-J-Wooding-S-J-Bacon-D-J--Zr,c754e222-3417-45d9-a7a3-1d399ea72c1e,metal,atomic,False,kim,active,['Zr'],['Zr']
MO_399431830125,MEAM_LAMMPS_FernandezPascuet_2014_U__MO_399431830125_000,MO_399431830125_000,,,metal,atomic,False,kim,active,[],[]
MO_400591584784,EAM_Dynamo_MishinFarkasMehl_1999_Ni__MO_400591584784_005,MO_400591584784_005,1999--Mishin-Y-Farkas-D-Mehl-M-J-Papaconstantopoulos-D-A--Ni,81adb388-59eb-4f49-88bf-6f06a1343fae,metal,atomic,False,kim,active,['Ni'],['Ni']
MO_404563086984,EAM_Dynamo_AgrawalMishraWard_2013_Be__MO_404563086984_000,MO_404563086984_000,2013--Agrawal-A-Mishra-R-Ward-L-et-al--Be,7d0265d5-3088-44df-8b36-6a08e3799695,metal,atomic,False,kim,active,['Be'],['Be']
MO_405512056662,SW_StillingerWeber_1985_Si__MO_405512056662_005,MO_405512056662_005,1985--Stillinger-F-H-Weber-T-A--Si,edc31ad6-2b9a-455c-9b5f-e888a672ecbd,metal,atomic,False,kim,active,['Si'],['Si']
MO_407755720412,ThreeBodyCluster_Gong_Gong_1993_Si__MO_407755720412_000,MO_407755720412_000,1993--Gong-X-G--Si,d5010e7c-c26b-4d86-ad5d-e87919725525,metal,atomic,False,kim,active,['Si'],['Si']
MO_408791041969,Tersoff_LAMMPS_ErhartAlbe_2005SiII_SiC__MO_408791041969_003,MO_408791041969_003,2005--Erhart-P-Albe-K--Si-C-II,b484d453-4f89-44d2-b64f-bbca3eb97d30,metal,atomic,False,kim,active,"['Si', 'C']","['Si', 'C']"
MO_409065472403,MEAM_LAMMPS_LeeShim_2004_NiCu__MO_409065472403_000,MO_409065472403_000,,,metal,atomic,False,kim,active,[],[]
MO_410167849923,MEAM_LAMMPS_ChoiKimSeol_2017_CoCr__MO_410167849923_000,MO_410167849923_000,,,metal,atomic,False,kim,active,[],[]
MO_411020944797,EAM_Dynamo_HanZepedaAckland_2003_V__MO_411020944797_000,MO_411020944797_000,2003--Han-S-Zepeda-Ruiz-L-A-Ackland-G-J-et-al--V,04ad93c0-31f0-413f-a6f0-a68f2e709b8f,metal,atomic,False,kim,active,['V'],['V']
MO_411692133366,EAM_Dynamo_JacobsenNorskovPuska_1987_Al__MO_411692133366_000,MO_411692133366_000,1987--Jacobsen-K-W-Norskov-J-K-Puska-M-J--Al,9549a404-171a-4469-8fc3-2de77c99f7e7,metal,atomic,False,kim,active,['Al'],['Al']
MO_411898953661,Morse_Shifted_GirifalcoWeizer_1959LowCutoff_Al__MO_411898953661_004,MO_411898953661_004,1959--Girifalco-L-A-Weizer-V-G--Al,6f01c8df-fdd9-47f7-91e9-184cef488a36,metal,atomic,False,kim,active,['Al'],['Al']
MO_418978237058,EAM_Dynamo_AngeloMoodyBaskes_1995_NiAlH__MO_418978237058_005,MO_418978237058_005,1995--Angelo-J-E-Moody-N-R-Baskes-M-I--Ni-Al-H,0b194551-81ba-45ba-b4e1-7e035729f11c,metal,atomic,False,kim,active,"['Ni', 'Al', 'H']","['Ni', 'Al', 'H']"
MO_421038499185,hNN_WenTadmor_2019Grx_C__MO_421038499185_001,MO_421038499185_001,2019--Wen-M-Tadmor-E-B--C,3806106d-c614-48d2-b989-017611c92843,metal,atomic,False,kim,active,['C'],['C']
MO_424746498193,EAM_MagneticCubic_DerletNguyenDudarev_2007_Mo__MO_424746498193_002,MO_424746498193_002,2007--Derlet-P-M-Nguyen-Manh-D-Dudarev-S-L--Mo,a138f3ad-42f4-45e6-8084-886c1afbfded,metal,atomic,False,kim,active,['Mo'],['Mo']
MO_426403318662,EAM_Dynamo_GolaPastewka_2018_CuAu__MO_426403318662_000,MO_426403318662_000,2018--Gola-A-Pastewka-L--Au-Cu,8e9359a7-ac59-4570-a38a-2852089e9a7c,metal,atomic,False,kim,active,"['Au', 'Cu']","['Au', 'Cu']"
MO_427397414195,MEAM_LAMMPS_KimJungLee_2012_LiMg__MO_427397414195_000,MO_427397414195_000,,,metal,atomic,False,kim,active,[],[]
MO_427873955970,MEAM_LAMMPS_AslamBaskesDickel_2019_FeMnSiC__MO_427873955970_000,MO_427873955970_000,,,metal,atomic,False,kim,active,[],[]
MO_430846853065,MEAM_LAMMPS_Wagner_2007_SiC__MO_430846853065_000,MO_430846853065_000,,,metal,atomic,False,kim,active,[],[]
MO_432861766738,MEAM_LAMMPS_LeeLeeKim_2006_FeN__MO_432861766738_000,MO_432861766738_000,,,metal,atomic,False,kim,active,[],[]
MO_444394830472,MEAM_LAMMPS_Wagner_2007_Ni__MO_444394830472_000,MO_444394830472_000,,,metal,atomic,False,kim,active,[],[]
MO_450093727396,EAM_QuinticClampedSpline_ErcolessiAdams_1994_Al__MO_450093727396_002,MO_450093727396_002,1994--Ercolessi-F-B-Adams-J--Al,2ce1cf6d-9c87-4b29-89d2-9885a928fbe7,metal,atomic,False,kim,active,['Al'],['Al']
MO_454320668790,ThreeBodyBondOrder_KDS_KhorDasSarma_1988_C__MO_454320668790_000,MO_454320668790_000,1988--Khor-K-E-Das-Sarma-S--C,90027d51-730e-43d1-a34a-0d772c4e7c42,metal,atomic,False,kim,active,['C'],['C']
MO_463728687265,EAM_QuinticClampedSpline_Kim_2021_PtAu__MO_463728687265_000,MO_463728687265_000,,,metal,atomic,False,kim,active,[],[]
MO_466741694288,LJ_Shifted_Bernardes_1958LowCutoff_Ne__MO_466741694288_004,MO_466741694288_004,1958--Bernardes-N--Ne,90c2411b-6b91-41a9-a562-7544e1bea780,metal,atomic,False,kim,active,['Ne'],['Ne']
MO_466808877130,EAM_Dynamo_Marinica_2007_Fe__MO_466808877130_000,MO_466808877130_000,2010--Malerba-L-Marinica-M-C-Anento-N-et-al--Fe,9155f279-c246-4108-bfe4-1db2fcf21959,metal,atomic,False,kim,active,['Fe'],['Fe']
MO_468407568810,EAM_Dynamo_ZhouJohnsonWadley_2004_Au__MO_468407568810_005,MO_468407568810_005,2004--Zhou-X-W-Johnson-R-A-Wadley-H-N-G--Au,56c064d6-9bb4-42b6-b5e1-b54bb4dbae1d,metal,atomic,False,kim,active,['Au'],['Au']
MO_468686727341,SNAP_LiHuChen_2018_NiMo__MO_468686727341_000,MO_468686727341_000,2018--Li-X-G-Hu-C-Chen-C-et-al--Ni-Mo,9c78a923-2658-4bc2-bbef-b379df846f73,metal,atomic,False,kim,active,"['Ni', 'Mo']","['Ni', 'Mo']"
MO_469343973171,EAM_Dynamo_BonnyPasianotCastin_2009_FeCuNi__MO_469343973171_005,MO_469343973171_005,2009--Bonny-G-Pasianot-R-C-Castin-N-Malerba-L--Fe-Cu-Ni,38d0b8d9-5e5d-426a-9d70-b5a7e501528b,metal,atomic,False,kim,active,"['Fe', 'Cu', 'Ni']","['Fe', 'Cu', 'Ni']"
MO_474962707676,MEAM_LAMMPS_JangKimLee_2018_ZnMg__MO_474962707676_000,MO_474962707676_000,,,metal,atomic,False,kim,active,[],[]
MO_475612090600,SW_ZhangXieHu_2014OptimizedSW2_Si__MO_475612090600_004,MO_475612090600_004,2014--Zhang-X-Xie-H-Hu-M-et-al--Si-2,ccba6c11-0aa8-4ace-9f24-98ee82b5e684,metal,atomic,False,kim,active,['Si'],['Si']
MO_477506997611,MEAM_LAMMPS_KangEunJun_2014_SiC__MO_477506997611_000,MO_477506997611_000,,,metal,atomic,False,kim,active,[],[]
MO_478967255435,MEAM_LAMMPS_KimKimJung_2017_NiAlTi__MO_478967255435_000,MO_478967255435_000,,,metal,atomic,False,kim,active,[],[]
MO_483480726117,Morse_Shifted_GirifalcoWeizer_1959LowCutoff_Cr__MO_483480726117_004,MO_483480726117_004,1959--Girifalco-L-A-Weizer-V-G--Cr,d439adf5-6edb-43de-a70d-4214c288db42,metal,atomic,False,kim,active,['Cr'],['Cr']
MO_486450342170,MEAM_LAMMPS_WangOhLee_2020_CuMo__MO_486450342170_000,MO_486450342170_000,,,metal,atomic,False,kim,active,[],[]
MO_489351836217,Morse_Shifted_GirifalcoWeizer_1959LowCutoff_W__MO_489351836217_004,MO_489351836217_004,1959--Girifalco-L-A-Weizer-V-G--W,aa4a406f-25b7-4627-b494-0b92b32b7485,metal,atomic,False,kim,active,['W'],['W']
MO_492310898779,MEAM_LAMMPS_AsadiZaeemNouranian_2015_Fe__MO_492310898779_000,MO_492310898779_000,,,metal,atomic,False,kim,active,[],[]
MO_497591319122,Morse_Shifted_GirifalcoWeizer_1959HighCutoff_Sr__MO_497591319122_004,MO_497591319122_004,1959--Girifalco-L-A-Weizer-V-G--Sr,bcff1447-1cee-4672-a6b1-b61d299cb69a,metal,atomic,False,kim,active,['Sr'],['Sr']
MO_500121566391,Tersoff_LAMMPS_AlbeNordlundAverback_2002_PtC__MO_500121566391_003,MO_500121566391_003,2002--Albe-K-Nordlund-K-Averback-R-S--Pt-C,85bae8b0-9254-43b1-a874-a98943bf9ba1,metal,atomic,False,kim,active,"['Pt', 'C']","['Pt', 'C']"
MO_500937681860,MEAM_LAMMPS_ShimParkCho_2003_NiW__MO_500937681860_000,MO_500937681860_000,,,metal,atomic,False,kim,active,[],[]
MO_503261197030,SW_ZhouWardMartin_2013_CdTeZnSeHgS__MO_503261197030_002,MO_503261197030_002,2013--Zhou-X-W-Ward-D-K-Martin-J-E-et-al--Zn-Cd-Hg-S-Se-Te,95fe0b68-f5a1-4bb6-9a11-f446b361d12b,metal,atomic,False,kim,active,"['Zn', 'Cd', 'Hg', 'S', 'Se', 'Te']","['Zn', 'Cd', 'Hg', 'S', 'Se', 'Te']"
MO_505250810900,EAM_Dynamo_ZhouJohnsonWadley_2004NISTretabulation_Ag__MO_505250810900_000,MO_505250810900_000,2004--Zhou-X-W-Johnson-R-A-Wadley-H-N-G--Ag,248c41b3-6861-43d0-876c-e528541b699f,metal,atomic,False,kim,active,['Ag'],['Ag']
MO_514760222899,TIDP_RajanWarnerCurtin_2016A_User01__MO_514760222899_001,MO_514760222899_001,2016--Rajan-V-P-Warner-D-H-Curtin-W-A--fictional-toy-a,2904ee1d-0139-4193-8f52-9038fbd7897e,metal,atomic,False,kim,active,['user01'],['toy']
MO_517338295712,SW_LeeHwang_2012LDA_Si__MO_517338295712_000,MO_517338295712_000,2012--Lee-Y-Hwang-G-S--Si-LDA,ceef3035-5fee-4318-821b-ff6b4e5b6427,metal,atomic,False,kim,active,['Si'],['Si']
MO_519613893196,EAM_Dynamo_Zhakhovsky_2009_Al__MO_519613893196_000,MO_519613893196_000,2009--Zhakhovskii-V-V-Inogamov-N-A-Petrov-Y-V-et-al--Al,3facf2af-9356-4264-b887-06049430defa,metal,atomic,False,kim,active,['Al'],['Al']
MO_520569947398,MEAM_LAMMPS_HennigLenoskyTrinkle_2008_Ti__MO_520569947398_000,MO_520569947398_000,,,metal,atomic,False,kim,active,[],[]
MO_522239651961,EAM_Dynamo_Mendelev_2018_Tb__MO_522239651961_000,MO_522239651961_000,2018--Mendelev-M-I-Zhang-F-Song-H-et-al--Tb,ed3a1bb7-3c6c-47f6-b3ca-e05870435610,metal,atomic,False,kim,active,['Tb'],['Tb']
MO_524392058194,EAM_Dynamo_ZhouJohnsonWadley_2004_W__MO_524392058194_005,MO_524392058194_005,2004--Zhou-X-W-Johnson-R-A-Wadley-H-N-G--W,865a32b5-d4ae-4e3e-bd8b-b503d0ba1a78,metal,atomic,False,kim,active,['W'],['W']
MO_529419924683,SNAP_LiHuChen_2018_Cu__MO_529419924683_000,MO_529419924683_000,2018--Li-X-G-Hu-C-Chen-C-et-al--Cu,48d131cd-0f92-4f41-b18b-99f4a4b8e542,metal,atomic,False,kim,active,['Cu'],['Cu']
MO_533426548156,MEAM_LAMMPS_LenoskySadighAlonso_2000_Si__MO_533426548156_000,MO_533426548156_000,,,metal,atomic,False,kim,active,[],[]
MO_534363225491,Morse_Shifted_GirifalcoWeizer_1959MedCutoff_Mo__MO_534363225491_004,MO_534363225491_004,1959--Girifalco-L-A-Weizer-V-G--Mo,1b3c2a68-da27-47d1-8844-b0e28f3c3d6c,metal,atomic,False,kim,active,['Mo'],['Mo']
MO_534638645497,Morse_Shifted_GirifalcoWeizer_1959LowCutoff_Pb__MO_534638645497_004,MO_534638645497_004,1959--Girifalco-L-A-Weizer-V-G--Pb,4dc4b4ea-0590-4990-930b-03eee8de3c09,metal,atomic,False,kim,active,['Pb'],['Pb']
MO_535504325462,EAM_Dynamo_TehranchiCurtin_2010_NiH__MO_535504325462_003,MO_535504325462_003,2017--Tehranchi-A-Curtin-W-A--Ni-H,8280ac8a-8dd7-42c1-8873-eb38cd82f009,metal,atomic,False,kim,active,"['Ni', 'H']","['Ni', 'H']"
MO_537826574817,EAM_Dynamo_MendelevAckland_2007_Zr__MO_537826574817_000,MO_537826574817_000,2007--Mendelev-M-I-Ackland-G-J--Zr-3,bd58ae4c-dc17-40e4-91f0-db3eae46f933,metal,atomic,False,kim,active,['Zr'],['Zr']
MO_545073984441,MEAM_LAMMPS_KimSeolJi_2017_PtCo__MO_545073984441_000,MO_545073984441_000,,,metal,atomic,False,kim,active,[],[]
MO_546673549085,EAM_Dynamo_Mendelev_2003_Fe__MO_546673549085_000,MO_546673549085_000,,,metal,atomic,False,kim,active,[],[]
MO_547744193826,EAM_Dynamo_ZhouJohnsonWadley_2004_CuTa__MO_547744193826_000,MO_547744193826_000,2004--Zhou-X-W-Johnson-R-A-Wadley-H-N-G--Ta-Cu,f12498d1-1560-4fcf-af65-7ec9934b0b95,metal,atomic,False,kim,active,"['Ta', 'Cu']","['Ta', 'Cu']"
MO_549900287421,MEAM_LAMMPS_EtesamiAsadi_2018_Fe__MO_549900287421_000,MO_549900287421_000,,,metal,atomic,False,kim,active,[],[]
MO_557267801129,EAM_Dynamo_GrocholaRusso_2005_Au__MO_557267801129_000,MO_557267801129_000,2005--Grochola-G-Russo-S-P-Snook-I-K--Au,92a89043-e2bb-4c37-bd39-d98bf4e1de1e,metal,atomic,False,kim,active,['Au'],['Au']
MO_557492625287,MEAM_LAMMPS_CuiGaoCui_2012_LiSi__MO_557492625287_000,MO_557492625287_000,,,metal,atomic,False,kim,active,[],[]
MO_559016907324,EAM_Dynamo_FoilesBaskesDaw_1986Universal3_Au__MO_559016907324_000,MO_559016907324_000,1986--Foiles-S-M-Baskes-M-I-Daw-M-S--Au,ffb66faa-319d-4556-8363-dad3959cd553,metal,atomic,False,kim,active,['Au'],['Au']
MO_559870613549,EAM_Dynamo_LiuOhotnickyAdams_1997_AlMg__MO_559870613549_000,MO_559870613549_000,1997--Liu-X-Y-Ohotnicky-P-P-Adams-J-B-et-al--Al-Mg,b702ae33-5d66-40fb-84e6-f2840555459a,metal,atomic,False,kim,active,"['Al', 'Mg']","['Al', 'Mg']"
MO_560387080449,SNAP_LiChenZheng_2019_NbTaWMo__MO_560387080449_000,MO_560387080449_000,2020--Li-X-G-Chen-C-Zheng-H-et-al--Nb-Ta-W-Mo,9446720a-b95b-4342-b979-10dfa8a64236,metal,atomic,False,kim,active,"['Nb', 'Ta', 'W', 'Mo']","['Nb', 'Ta', 'W', 'Mo']"
MO_560940542741,MEAM_LAMMPS_ParkFellingerLenosky_2012_W__MO_560940542741_000,MO_560940542741_000,,,metal,atomic,False,kim,active,[],[]
MO_562200212426,Morse_Shifted_GirifalcoWeizer_1959MedCutoff_Ca__MO_562200212426_004,MO_562200212426_004,1959--Girifalco-L-A-Weizer-V-G--Ca,5f697b25-c341-4237-9490-5d304682acc4,metal,atomic,False,kim,active,['Ca'],['Ca']
MO_566683736730,ThreeBodyBondOrder_PPM_PurjaPunMishin_2017_Si__MO_566683736730_000,MO_566683736730_000,2017--Purja-Pun-G-P-Mishin-Y--Si,698e838d-de9d-4912-bc4f-d78e8e0c66b5,metal,atomic,False,kim,active,['Si'],['Si']
MO_568033730744,EAM_Dynamo_ZhouJohnsonWadley_2004NISTretabulation_Ta__MO_568033730744_000,MO_568033730744_000,2004--Zhou-X-W-Johnson-R-A-Wadley-H-N-G--Ta,04aa4a53-9229-4c6a-8a03-1e8836fd8712,metal,atomic,False,kim,active,['Ta'],['Ta']
MO_574574915905,EAM_Dynamo_WilsonMendelev_2016_Mg__MO_574574915905_000,MO_574574915905_000,2016--Wilson-S-R-Mendelev-M-I--Mg,2a6e9260-0a82-4041-852b-88e69bfbd79d,metal,atomic,False,kim,active,['Mg'],['Mg']
MO_577453891941,EAM_Dynamo_MendelevSrolovitzAckland_2005_AlFe__MO_577453891941_005,MO_577453891941_005,2005--Mendelev-M-I-Srolovitz-D-J-Ackland-G-J-Han-S--Al-Fe,f8613831-ee3a-431f-b9bd-468a0ee05664,metal,atomic,False,kim,active,"['Al', 'Fe']","['Al', 'Fe']"
MO_579868029681,Tersoff_LAMMPS_Tersoff_1988_C__MO_579868029681_003,MO_579868029681_003,1988--Tersoff-J--C,b47c0538-a4d5-4bc4-a37b-48d9aff3d759,metal,atomic,False,kim,active,['C'],['C']
MO_580571659842,EAM_Dynamo_FoilesBaskesDaw_1986Universal3_Ni__MO_580571659842_000,MO_580571659842_000,1986--Foiles-S-M-Baskes-M-I-Daw-M-S--Ni,15a085b9-d9d6-404f-9c2f-3ed40e8ff7a4,metal,atomic,False,kim,active,['Ni'],['Ni']
MO_584345505904,DUNN_WenTadmor_2019v1_C__MO_584345505904_000,MO_584345505904_000,2020--Wen-M-Tadmor-E-B--C-v1,a868f19e-7fe9-457c-a662-cdbc4c0aadfa,metal,atomic,False,kim,active,['C'],['C']
MO_587469264453,Morse_Shifted_GirifalcoWeizer_1959HighCutoff_Na__MO_587469264453_004,MO_587469264453_004,1959--Girifalco-L-A-Weizer-V-G--Na,5866f662-95f0-4d00-aedf-0869c6b28236,metal,atomic,False,kim,active,['Na'],['Na']
MO_592013496703,EAM_Dynamo_OnatDurukanoglu_2014_CuNi__MO_592013496703_005,MO_592013496703_005,2013--Onat-B-Durukanoglu-S--Cu-Ni,31a90189-5dd6-43bc-ba69-78c94fca1bd1,metal,atomic,False,kim,active,"['Cu', 'Ni']","['Cu', 'Ni']"
MO_593762436933,EAM_Dynamo_ZhouJohnsonWadley_2004NISTretabulation_Ni__MO_593762436933_000,MO_593762436933_000,2004--Zhou-X-W-Johnson-R-A-Wadley-H-N-G--Ni,063c9331-69e4-40e4-bb6c-cee56d576b60,metal,atomic,False,kim,active,['Ni'],['Ni']
MO_596300673917,MEAM_LAMMPS_PascuetFernandez_2015_AlU__MO_596300673917_000,MO_596300673917_000,,,metal,atomic,False,kim,active,[],[]
MO_596436139350,MEAM_2NN_LiSi__MO_596436139350_001,MO_596436139350_001,,,metal,atomic,False,kim,active,[],[]
MO_600021860456,EAM_Dynamo_MendelevKramerOtt_2009_CuZr__MO_600021860456_005,MO_600021860456_005,2009--Mendelev-M-I-Kramer-M-J-Ott-R-T-et-al--Cu-Zr,48d79068-e994-4858-b7d5-031b1f570dc3,metal,atomic,False,kim,active,"['Cu', 'Zr']","['Cu', 'Zr']"
MO_601539325066,EAM_Dynamo_ZhouJohnsonWadley_2004NISTretabulation_Pt__MO_601539325066_000,MO_601539325066_000,2004--Zhou-X-W-Johnson-R-A-Wadley-H-N-G--Pt,b236a7be-023c-4df7-8146-da4fbdfcf900,metal,atomic,False,kim,active,['Pt'],['Pt']
MO_604248666067,ThreeBodyCluster_SRS_StephensonRadnySmith_1996_Si__MO_604248666067_000,MO_604248666067_000,1996--Stephenson-P-C-L-Radny-M-W-Smith-P-V--Si,a9eba5a4-35d5-4273-a96b-3fb9cbcfafe0,metal,atomic,False,kim,active,['Si'],['Si']
MO_609260676108,EAM_Dynamo_MendelevSunZhang_2019_CuZr__MO_609260676108_000,MO_609260676108_000,2019--Mendelev-M-I-Sun-Y-Zhang-F-et-al--Cu-Zr,2e5ed18c-5fb4-46e4-ae7a-5f50d9429d95,metal,atomic,False,kim,active,"['Cu', 'Zr']","['Cu', 'Zr']"
MO_611309973581,MEAM_LAMMPS_KimJeonLee_2015_MgCa__MO_611309973581_000,MO_611309973581_000,,,metal,atomic,False,kim,active,[],[]
MO_612061685362,Tersoff_LAMMPS_NordAlbeErhart_2003_GaN__MO_612061685362_003,MO_612061685362_003,2003--Nord-J-Albe-K-Erhart-P-Nordlund-K--Ga-N,21fd9cb3-626b-4c40-b049-ecccd27f4646,metal,atomic,False,kim,active,"['Ga', 'N']","['Ga', 'N']"
MO_612225165948,MEAM_LAMMPS_ShimKoKim_2013_NiVH__MO_612225165948_000,MO_612225165948_000,,,metal,atomic,False,kim,active,[],[]
MO_612732924171,MEAM_LAMMPS_ZhangTrinkle_2016_TiO__MO_612732924171_000,MO_612732924171_000,,,metal,atomic,False,kim,active,[],[]
MO_616482358807,MEAM_LAMMPS_JeongParkDo_2018_PdAl__MO_616482358807_000,MO_616482358807_000,,,metal,atomic,False,kim,active,[],[]
MO_616776018688,Tersoff_LAMMPS_ErhartJuslinGoy_2006_ZnO__MO_616776018688_003,MO_616776018688_003,2006--Erhart-P-Juslin-N-Goy-O-et-al--Zn-O,75bc55d1-cec4-4e3e-99f4-baa66066147c,metal,atomic,False,kim,active,"['Zn', 'O']","['Zn', 'O']"
MO_618133763375,MEAM_LAMMPS_KimKimJung_2016_AlTi__MO_618133763375_000,MO_618133763375_000,,,metal,atomic,False,kim,active,[],[]
MO_621445647666,EAM_Dynamo_ZhouWadleyJohnson_2001_W__MO_621445647666_000,MO_621445647666_000,2004--Zhou-X-W-Johnson-R-A-Wadley-H-N-G--W,865a32b5-d4ae-4e3e-bd8b-b503d0ba1a78,metal,atomic,False,kim,active,['W'],['W']
MO_623376124862,EMT_Asap_Standard_JacobsenStoltzeNorskov_1996_Al__MO_623376124862_001,MO_623376124862_001,1996--Jacobsen-K-W-Stoltze-P-Norskov-J-K--Al,ff9ec33a-b833-46eb-bff5-92b9e9b54c2f,metal,atomic,False,kim,active,['Al'],['Al']
MO_626183701337,EAM_Dynamo_BonnyGrigorevTerentyev_2014EAM2_WHHe__MO_626183701337_000,MO_626183701337_000,2014--Bonny-G-Grigorev-P-Terentyev-D--W-H-He-2,60cf81d5-aa01-4f59-aaa0-8ce26fc1395b,metal,atomic,False,kim,active,"['W', 'H', 'He']","['W', 'H', 'He']"
MO_626948998302,EAM_Dynamo_FoilesBaskesDaw_1986Universal3_Ag__MO_626948998302_000,MO_626948998302_000,1986--Foiles-S-M-Baskes-M-I-Daw-M-S--Ag,672d54f8-9f48-4200-af56-8a7378ebbc4a,metal,atomic,False,kim,active,['Ag'],['Ag']
MO_636041334617,Morse_Shifted_GirifalcoWeizer_1959MedCutoff_Na__MO_636041334617_004,MO_636041334617_004,1959--Girifalco-L-A-Weizer-V-G--Na,5866f662-95f0-4d00-aedf-0869c6b28236,metal,atomic,False,kim,active,['Na'],['Na']
MO_637493005914,EMT_Asap_Standard_JacobsenStoltzeNorskov_1996_Pt__MO_637493005914_001,MO_637493005914_001,1996--Jacobsen-K-W-Stoltze-P-Norskov-J-K--Pt,fb05987f-0d72-4b02-a8df-844f482e885a,metal,atomic,False,kim,active,['Pt'],['Pt']
MO_642748370624,EAM_Dynamo_AcklandVitek_1990_Cu__MO_642748370624_000,MO_642748370624_000,1990--Ackland-G-J-Vitek-V--Cu,e7b1de06-c5f5-44de-9bfe-1cdf769814dc,metal,atomic,False,kim,active,['Cu'],['Cu']
MO_646516726498,Morse_Shifted_GirifalcoWeizer_1959HighCutoff_W__MO_646516726498_004,MO_646516726498_004,1959--Girifalco-L-A-Weizer-V-G--W,aa4a406f-25b7-4627-b494-0b92b32b7485,metal,atomic,False,kim,active,['W'],['W']
MO_648694198005,LJ_Shifted_Bernardes_1958LowCutoff_Xe__MO_648694198005_004,MO_648694198005_004,1958--Bernardes-N--Xe,d6b56970-f7f5-428a-8830-499e8d0e2715,metal,atomic,False,kim,active,['Xe'],['Xe']
MO_649864794085,EAM_Dynamo_SmirnovaStarikovStegailov_2012_U__MO_649864794085_000,MO_649864794085_000,2011--Smirnova-D-E-Starikov-S-V-Stegailov-V-V--U,8ae19224-1890-4eb8-ae50-67c5cf76af98,metal,atomic,False,kim,active,['U'],['U']
MO_650279905230,EAM_Dynamo_ZhouJohnsonWadley_2004_Fe__MO_650279905230_005,MO_650279905230_005,2004--Zhou-X-W-Johnson-R-A-Wadley-H-N-G--Fe,030d9099-cf7f-4623-b597-733e80d214a4,metal,atomic,False,kim,active,['Fe'],['Fe']
MO_651801486679,EAM_Dynamo_MishinFarkasMehl_1999_Al__MO_651801486679_005,MO_651801486679_005,1999--Mishin-Y-Farkas-D-Mehl-M-J-Papaconstantopoulos-D-A--Al,0c2ddffb-e644-4e5c-8e53-9bf722bb5dee,metal,atomic,False,kim,active,['Al'],['Al']
MO_655725647552,EMT_Asap_MetalGlass_CuMgZr__MO_655725647552_002,MO_655725647552_002,,,metal,atomic,False,kim,active,[],[]
MO_658278549784,EAM_Dynamo_MendelevAstaRahman_2009_AlMg__MO_658278549784_005,MO_658278549784_005,2009--Mendelev-M-I-Asta-M-Rahman-M-J-Hoyt-J-J--Al-Mg,e670535a-c524-41ef-a20c-0e150165c790,metal,atomic,False,kim,active,"['Al', 'Mg']","['Al', 'Mg']"
MO_663355627503,MEAM_LAMMPS_KoGrabowskiNeugebauer_2015_NiTi__MO_663355627503_000,MO_663355627503_000,,,metal,atomic,False,kim,active,[],[]
MO_664470114311,EAM_Dynamo_ZopeMishin_2003_Al__MO_664470114311_005,MO_664470114311_005,2003--Zope-R-R-Mishin-Y--Al,36dbb1ec-c7f0-46a4-a501-1c518f777d5c,metal,atomic,False,kim,active,['Al'],['Al']
MO_666348409573,EAM_Dynamo_FoilesBaskesDaw_1986Universal3_Cu__MO_666348409573_004,MO_666348409573_004,1986--Foiles-S-M-Baskes-M-I-Daw-M-S--Cu,7991d330-58cd-43ac-bba9-ff6a58dcf617,metal,atomic,False,kim,active,['Cu'],['Cu']
MO_666830945336,Morse_Shifted_GirifalcoWeizer_1959HighCutoff_Mo__MO_666830945336_004,MO_666830945336_004,1959--Girifalco-L-A-Weizer-V-G--Mo,1b3c2a68-da27-47d1-8844-b0e28f3c3d6c,metal,atomic,False,kim,active,['Mo'],['Mo']
MO_671124822359,MEAM_LAMMPS_ChoiKimSeol_2017_CrMn__MO_671124822359_000,MO_671124822359_000,,,metal,atomic,False,kim,active,[],[]
MO_673777079812,Morse_Shifted_GirifalcoWeizer_1959LowCutoff_Cu__MO_673777079812_004,MO_673777079812_004,1959--Girifalco-L-A-Weizer-V-G--Cu,7f6bbe87-3a1a-44a1-aa71-ac20311c12d3,metal,atomic,False,kim,active,['Cu'],['Cu']
MO_676977998912,Morse_Shifted_GirifalcoWeizer_1959HighCutoff_Ba__MO_676977998912_004,MO_676977998912_004,1959--Girifalco-L-A-Weizer-V-G--Ba,6a48283f-2dd6-44fb-8bbc-dc8e58e9efb9,metal,atomic,False,kim,active,['Ba'],['Ba']
MO_678952612413,EAM_Dynamo_PunYamakovMishin_2013_AlCo__MO_678952612413_000,MO_678952612413_000,2015--Purja-Pun-G-P-Yamakov-V-Mishin-Y--Al-Co,71b03297-b66d-4efd-9502-02cf83d9dc38,metal,atomic,False,kim,active,"['Al', 'Co']","['Al', 'Co']"
MO_679329885632,EAM_Dynamo_SmirnovaKuskinStarikov_2013_UMoXe__MO_679329885632_005,MO_679329885632_005,2013--Smirnova-D-E-Kuksin-A-Y-Starikov-S-V-et-al--U-Mo-Xe,fc5a9a34-b8be-4935-aa63-aa02a15d93b8,metal,atomic,False,kim,active,"['U', 'Mo', 'Xe']","['U', 'Mo', 'Xe']"
MO_681088298208,EAM_Dynamo_ZhouJohnsonWadley_2004NISTretabulation_Fe__MO_681088298208_000,MO_681088298208_000,2004--Zhou-X-W-Johnson-R-A-Wadley-H-N-G--Fe,030d9099-cf7f-4623-b597-733e80d214a4,metal,atomic,False,kim,active,['Fe'],['Fe']
MO_681640899874,EAM_Dynamo_AdamsFoilesWolfer_1989Universal6_Ag__MO_681640899874_000,MO_681640899874_000,1989--Adams-J-B-Foiles-S-M-Wolfer-W-G--Ag,d1e36148-f138-4ee0-ab7d-1fb5442805d8,metal,atomic,False,kim,active,['Ag'],['Ag']
MO_683890323730,EAM_MagneticCubic_DerletNguyenDudarev_2007_V__MO_683890323730_002,MO_683890323730_002,2007--Derlet-P-M-Nguyen-Manh-D-Dudarev-S-L--V,6fb7c9e8-dc44-4ce8-90a6-0264bf926e67,metal,atomic,False,kim,active,['V'],['V']
MO_684444719999,EAM_Dynamo_ZhouJohnsonWadley_2004NISTretabulation_Au__MO_684444719999_000,MO_684444719999_000,2004--Zhou-X-W-Johnson-R-A-Wadley-H-N-G--Au,56c064d6-9bb4-42b6-b5e1-b54bb4dbae1d,metal,atomic,False,kim,active,['Au'],['Au']
MO_692442138123,SNAP_ZuoChenLi_2019quadratic_Mo__MO_692442138123_000,MO_692442138123_000,2020--Zuo-Y-Chen-C-Li-X-et-al--Mo-qSNAP,fb134074-5abe-495f-857a-c8e70466c7b1,metal,atomic,False,kim,active,['Mo'],['Mo']
MO_694335101831,MEAM_LAMMPS_WangOhLee_2020_CuCo__MO_694335101831_000,MO_694335101831_000,,,metal,atomic,False,kim,active,[],[]
MO_698578166685,SNAP_ChenDengTran_2017_Mo__MO_698578166685_000,MO_698578166685_000,2017--Chen-C-Deng-Z-Tran-R-et-al--Mo,06d65bd6-17bf-43db-a8d8-0d0713f67a3a,metal,atomic,False,kim,active,['Mo'],['Mo']
MO_699137396381,EAM_Dynamo_LandaWynblattSiegel_2000_AlPb__MO_699137396381_005,MO_699137396381_005,2000--Landa-A-Wynblatt-P-Siegel-D-J-et-al--Al-Pb,df6401e2-2541-484c-bf5d-1b0ff4b1ac39,metal,atomic,False,kim,active,"['Al', 'Pb']","['Al', 'Pb']"
MO_700541006254,MEAM_LAMMPS_AsadiZaeemNouranian_2015_Ni__MO_700541006254_000,MO_700541006254_000,,,metal,atomic,False,kim,active,[],[]
MO_703849496106,Morse_EIP_GuthikondaElliott_2011_AuCd__MO_703849496106_002,MO_703849496106_002,2009--Guthikonda-V-S-Elliott-R-S--Au-Cd,7d6b30cb-0120-4a4d-906e-285b4d38a379,metal,atomic,False,kim,active,"['Au', 'Cd']","['Au', 'Cd']"
MO_706622909913,EAM_Dynamo_MarinicaVentelonGilbert_2013EAM3_W__MO_706622909913_000,MO_706622909913_000,2013--Marinica-M-C-Ventelon-L-Gilbert-M-R-et-al--W-3,1d38de3b-e3c6-482f-a97c-84acf5042046,metal,atomic,False,kim,active,['W'],['W']
MO_707981543254,Morse_Shifted_GirifalcoWeizer_1959LowCutoff_Na__MO_707981543254_004,MO_707981543254_004,1959--Girifalco-L-A-Weizer-V-G--Na,5866f662-95f0-4d00-aedf-0869c6b28236,metal,atomic,False,kim,active,['Na'],['Na']
MO_708495328010,MEAM_LAMMPS_JangSeolLee_2019_CaZnMg__MO_708495328010_000,MO_708495328010_000,,,metal,atomic,False,kim,active,[],[]
MO_710767216198,EAM_IMD_BrommerBoissieuEuchner_2009_MgZn__MO_710767216198_003,MO_710767216198_003,2009--Brommer-P-Boissieu-M-Euchner-H-et-al--Mg-Zn,25ca22d1-ef58-4c65-9398-8cf65f0bb11d,metal,atomic,False,kim,active,"['Mg', 'Zn']","['Mg', 'Zn']"
MO_714772088128,DUNN_WenTadmor_2019v3_C__MO_714772088128_000,MO_714772088128_000,2020--Wen-M-Tadmor-E-B--C-v3,4caef4b3-935f-47a3-854d-72167213d2f7,metal,atomic,False,kim,active,['C'],['C']
MO_716623333967,MEAM_LAMMPS_JeongLee_2020_PtC__MO_716623333967_000,MO_716623333967_000,,,metal,atomic,False,kim,active,[],[]
MO_720819638419,LJ_Shifted_Bernardes_1958LowCutoff_Ar__MO_720819638419_004,MO_720819638419_004,1958--Bernardes-N--Ar,24c37060-bdcd-47a9-ba96-33efe0691930,metal,atomic,False,kim,active,['Ar'],['Ar']
MO_721469752060,SNAP_ZuoChenLi_2019quadratic_Si__MO_721469752060_000,MO_721469752060_000,2020--Zuo-Y-Chen-C-Li-X-et-al--Si-qSNAP,322dbd21-ba22-46df-b076-9adb687e792a,metal,atomic,False,kim,active,['Si'],['Si']
MO_722489435928,ThreeBodyBondOrder_KDS_KhorDasSarma_1988_Si__MO_722489435928_000,MO_722489435928_000,1988--Khor-K-E-Das-Sarma-S--Si,bdc61286-1cf1-4e6a-87e8-549a0b2b8a06,metal,atomic,False,kim,active,['Si'],['Si']
MO_723456820410,EAM_Dynamo_ZhouJohnsonWadley_2004_Ti__MO_723456820410_005,MO_723456820410_005,2004--Zhou-X-W-Johnson-R-A-Wadley-H-N-G--Ti,8d877089-5fc2-418e-a2b3-a1b468483690,metal,atomic,False,kim,active,['Ti'],['Ti']
MO_732106099012,SNAP_ZuoChenLi_2019_Li__MO_732106099012_000,MO_732106099012_000,2020--Zuo-Y-Chen-C-Li-X-et-al--Li-SNAP,7d10c099-1f3a-4e29-a640-b4ff4e9aec47,metal,atomic,False,kim,active,['Li'],['Li']
MO_737567242631,EAM_Dynamo_BonnyCastinBullens_2013_FeW__MO_737567242631_000,MO_737567242631_000,2013--Bonny-G-Castin-N-Bullens-J-et-al--Fe-W,64d55ff4-a0d4-4eb6-897f-56c6d3c0154e,metal,atomic,False,kim,active,"['Fe', 'W']","['Fe', 'W']"
MO_744610363128,MEAM_LAMMPS_MaiselKoZhang_2017_VNiTi__MO_744610363128_000,MO_744610363128_000,,,metal,atomic,False,kim,active,[],[]
MO_748534961139,EAM_Dynamo_Ackland_1992_Ti__MO_748534961139_005,MO_748534961139_005,1992--Ackland-G-J--Ti,8a634ace-23df-4e28-8041-007bd0e11cfb,metal,atomic,False,kim,active,['Ti'],['Ti']
MO_748636486270,EAM_Dynamo_MendelevKing_2013_Cu__MO_748636486270_005,MO_748636486270_005,2013--Mendelev-M-I-King-A-H--Cu,6e89fdb2-4d7f-4032-a14d-53f7d1c8f2eb,metal,atomic,False,kim,active,['Cu'],['Cu']
MO_749732139672,Morse_Shifted_GirifalcoWeizer_1959LowCutoff_K__MO_749732139672_004,MO_749732139672_004,1959--Girifalco-L-A-Weizer-V-G--K,4a0e4ca0-051d-48dc-81b9-eb6af527628a,metal,atomic,False,kim,active,['K'],['K']
MO_751354403791,EAM_Dynamo_PunMishin_2009_NiAl__MO_751354403791_005,MO_751354403791_005,2009--Purja-Pun-G-P-Mishin-Y--Ni-Al,d71da5f1-db8a-46ad-a78d-c026768200af,metal,atomic,False,kim,active,"['Ni', 'Al']","['Ni', 'Al']"
MO_754413982908,EAM_Dynamo_Ackland_1987_Au__MO_754413982908_000,MO_754413982908_000,1987--Ackland-G-J-Tichy-G-Vitek-V-Finnis-M-W--Au,25899e46-6992-460a-b1c7-fb2704629e9f,metal,atomic,False,kim,active,['Au'],['Au']
MO_754498969542,Morse_Shifted_GirifalcoWeizer_1959LowCutoff_Rb__MO_754498969542_004,MO_754498969542_004,1959--Girifalco-L-A-Weizer-V-G--Rb,da503e28-b44f-4759-92d1-bcb5c8ceaceb,metal,atomic,False,kim,active,['Rb'],['Rb']
MO_757342646688,EAM_Dynamo_FoilesBaskesDaw_1986Universal3_Pt__MO_757342646688_000,MO_757342646688_000,1986--Foiles-S-M-Baskes-M-I-Daw-M-S--Pt,87657840-e5e6-4378-94ea-381a90608142,metal,atomic,False,kim,active,['Pt'],['Pt']
MO_758825945924,Morse_Shifted_GirifalcoWeizer_1959MedCutoff_Ni__MO_758825945924_004,MO_758825945924_004,1959--Girifalco-L-A-Weizer-V-G--Ni,b5951518-9b95-49aa-8827-41a01aef956a,metal,atomic,False,kim,active,['Ni'],['Ni']
MO_759493141826,EAM_Dynamo_ZhouJohnsonWadley_2004NISTretabulation_Cu__MO_759493141826_000,MO_759493141826_000,2004--Zhou-X-W-Johnson-R-A-Wadley-H-N-G--Cu,2b5389d5-0313-43be-a7c7-ce9130ba51b8,metal,atomic,False,kim,active,['Cu'],['Cu']
MO_762798677854,EAM_Dynamo_AcklandTichyVitek_1987v2_Cu__MO_762798677854_000,MO_762798677854_000,1987--Ackland-G-J-Tichy-G-Vitek-V-Finnis-M-W--Cu,41ea33df-5737-4c25-b94c-a708f063f26f,metal,atomic,False,kim,active,['Cu'],['Cu']
MO_763197941039,EAM_Dynamo_BonnyCastinTerentyev_2013_FeNiCr__MO_763197941039_000,MO_763197941039_000,2013--Bonny-G-Castin-N-Terentyev-D--Fe-Ni-Cr,e30ac130-16af-4ca8-8685-eacbd145578d,metal,atomic,False,kim,active,"['Fe', 'Ni', 'Cr']","['Fe', 'Ni', 'Cr']"
MO_764178710049,LJ_Smoothed_Bernardes_1958_Ar__MO_764178710049_001,MO_764178710049_001,1958--Bernardes-N--Ar,24c37060-bdcd-47a9-ba96-33efe0691930,metal,atomic,False,kim,active,['Ar'],['Ar']
MO_766484508139,SNAP_ZuoChenLi_2019quadratic_Ge__MO_766484508139_000,MO_766484508139_000,2020--Zuo-Y-Chen-C-Li-X-et-al--Ge-qSNAP,b213aae2-e982-46ce-8899-20e59e709e83,metal,atomic,False,kim,active,['Ge'],['Ge']
MO_769582363439,EAM_Dynamo_MendelevHanSrolovitz_2003Potential2_Fe__MO_769582363439_005,MO_769582363439_005,2003--Mendelev-M-I-Han-S-Srolovitz-D-J-et-al--Fe-2,06bf7ccd-ea6a-4744-bfbc-adefa5bcdd60,metal,atomic,False,kim,active,['Fe'],['Fe']
MO_769632475533,EAM_Dynamo_AcklandTichyVitek_1987v2_Ni__MO_769632475533_000,MO_769632475533_000,1987--Ackland-G-J-Tichy-G-Vitek-V-Finnis-M-W--Ni,6fbc40e6-1388-4988-87d5-88805b1b3690,metal,atomic,False,kim,active,['Ni'],['Ni']
MO_771146361182,MEAM_LAMMPS_OhSeolLee_2020_CoV__MO_771146361182_000,MO_771146361182_000,,,metal,atomic,False,kim,active,[],[]
MO_781138671863,EAM_QuinticHermiteSpline_ErcolessiAdams_1994_Al__MO_781138671863_002,MO_781138671863_002,1994--Ercolessi-F-B-Adams-J--Al,2ce1cf6d-9c87-4b29-89d2-9885a928fbe7,metal,atomic,False,kim,active,['Al'],['Al']
MO_786012902615,EAM_Dynamo_FoilesBaskesDaw_1986Universal3_Pd__MO_786012902615_000,MO_786012902615_000,1986--Foiles-S-M-Baskes-M-I-Daw-M-S--Pd,16dde7ea-c8cf-4a23-95b3-494a2b252e9b,metal,atomic,False,kim,active,['Pd'],['Pd']
MO_786496821446,SW_WangStroudMarkworth_1989_CdTe__MO_786496821446_000,MO_786496821446_000,1989--Wang-Z-Q-Stroud-D-Markworth-A-J--Cd-Te,d0d348ef-47e3-4d59-a066-bec02d0525f7,metal,atomic,False,kim,active,"['Cd', 'Te']","['Cd', 'Te']"
MO_791486224463,TIDP_RajanWarnerCurtin_2016D_User01__MO_791486224463_001,MO_791486224463_001,2016--Rajan-V-P-Warner-D-H-Curtin-W-A--fictional-toy-d,15ec9308-b6bf-427d-9519-117290c3d7fb,metal,atomic,False,kim,active,['user01'],['toy']
MO_793141037706,MEAM_LAMMPS_KimSeolJi_2017_PtAl__MO_793141037706_000,MO_793141037706_000,,,metal,atomic,False,kim,active,[],[]
MO_796748253903,LJ_Shifted_Bernardes_1958HighCutoff_Xe__MO_796748253903_004,MO_796748253903_004,1958--Bernardes-N--Xe,d6b56970-f7f5-428a-8830-499e8d0e2715,metal,atomic,False,kim,active,['Xe'],['Xe']
MO_799020228312,Tersoff_LAMMPS_AlbeNordlundNord_2002_GaAs__MO_799020228312_003,MO_799020228312_003,2002--Albe-K-Nordlund-K-Nord-J-Kuronen-A--Ga-As,63846fe7-c4b9-4357-86a2-185a431810ad,metal,atomic,False,kim,active,"['Ga', 'As']","['Ga', 'As']"
MO_800412945727,SW_ZhangXieHu_2014OptimizedSW1_Si__MO_800412945727_004,MO_800412945727_004,2014--Zhang-X-Xie-H-Hu-M-et-al--Si-1,6addefc5-9970-4339-a5f4-722e20d4c147,metal,atomic,False,kim,active,['Si'],['Si']
MO_800509458712,EAM_CubicNaturalSpline_ErcolessiAdams_1994_Al__MO_800509458712_002,MO_800509458712_002,1994--Ercolessi-F-B-Adams-J--Al,2ce1cf6d-9c87-4b29-89d2-9885a928fbe7,metal,atomic,False,kim,active,['Al'],['Al']
MO_800536961967,EAM_CubicNaturalSpline_AngeloMoodyBaskes_1995_Ni__MO_800536961967_003,MO_800536961967_003,1995--Angelo-J-E-Moody-N-R-Baskes-M-I--Ni,0c463dfe-3bf7-47be-9d13-041cc425ec10,metal,atomic,False,kim,active,['Ni'],['Ni']
MO_801083489225,Morse_Shifted_GirifalcoWeizer_1959LowCutoff_Sr__MO_801083489225_004,MO_801083489225_004,1959--Girifalco-L-A-Weizer-V-G--Sr,bcff1447-1cee-4672-a6b1-b61d299cb69a,metal,atomic,False,kim,active,['Sr'],['Sr']
MO_807997826449,EAM_Dynamo_MendelevHanSrolovitz_2003_Fe__MO_807997826449_000,MO_807997826449_000,2003--Mendelev-M-I-Han-S-Srolovitz-D-J-et-al--Fe-2,06bf7ccd-ea6a-4744-bfbc-adefa5bcdd60,metal,atomic,False,kim,active,['Fe'],['Fe']
MO_808662295149,MEAM_LAMMPS_ChoiKimSeol_2017_CoMn__MO_808662295149_000,MO_808662295149_000,,,metal,atomic,False,kim,active,[],[]
MO_813575892799,MEAM_LAMMPS_KangSaLee_2009_ZrAgCu__MO_813575892799_000,MO_813575892799_000,,,metal,atomic,False,kim,active,[],[]
MO_815057898706,MEAM_LAMMPS_DoShinLee_2009_GaInN__MO_815057898706_000,MO_815057898706_000,,,metal,atomic,False,kim,active,[],[]
MO_816821594689,EAM_Dynamo_RaveloGermannGuerrero_2013Ta1_Ta__MO_816821594689_000,MO_816821594689_000,2013--Ravelo-R-Germann-T-C-Guerrero-O-et-al--Ta-1,90f90347-9851-4950-9776-f32583162b20,metal,atomic,False,kim,active,['Ta'],['Ta']
MO_826591359508,EAM_Dynamo_PunYamakovMishin_2013_NiAlCo__MO_826591359508_000,MO_826591359508_000,2015--Purja-Pun-G-P-Yamakov-V-Mishin-Y--Ni-Al-Co,0f6e3cef-c588-4dcb-a0a6-66878f64ac50,metal,atomic,False,kim,active,"['Ni', 'Al', 'Co']","['Ni', 'Al', 'Co']"
MO_831121933939,EAM_Dynamo_Foiles_1985_Cu__MO_831121933939_000,MO_831121933939_000,1985--Foiles-S-M--Ni-Cu,301f04ce-9082-4542-8590-489300cd19e8,metal,atomic,False,kim,active,['Cu'],['Cu']
MO_831380044253,MEAM_LAMMPS_KimSeolJi_2017_PtMo__MO_831380044253_000,MO_831380044253_000,,,metal,atomic,False,kim,active,[],[]
MO_831902330215,Morse_Shifted_Jelinek_1972_Ar__MO_831902330215_004,MO_831902330215_004,1972--Jelinek-G-E--Ar,8574b9b6-028e-4554-85d9-0c8e3a2e7da9,metal,atomic,False,kim,active,['Ar'],['Ar']
MO_832600236922,EAM_Dynamo_MendelevKramerHao_2012_Ni__MO_832600236922_005,MO_832600236922_005,2012--Mendelev-M-I-Kramer-M-J-Hao-S-G-et-al--Ni,62289060-2bb5-4fa0-97ed-721404566f81,metal,atomic,False,kim,active,['Ni'],['Ni']
MO_836927321152,Morse_Shifted_GirifalcoWeizer_1959HighCutoff_K__MO_836927321152_004,MO_836927321152_004,1959--Girifalco-L-A-Weizer-V-G--K,4a0e4ca0-051d-48dc-81b9-eb6af527628a,metal,atomic,False,kim,active,['K'],['K']
MO_848345414202,EAM_Dynamo_SunMendelevBecker_2006_Mg__MO_848345414202_005,MO_848345414202_005,2006--Sun-D-Y-Mendelev-M-I-Becker-C-A-et-al--Mg,d07092e4-8c38-4cf5-bd05-bf18f8b80776,metal,atomic,False,kim,active,['Mg'],['Mg']
MO_848899341753,EAM_Dynamo_Mendelev_2007_Zr__MO_848899341753_000,MO_848899341753_000,,,metal,atomic,False,kim,active,[],[]
MO_849011491644,MEAM_LAMMPS_WangOhLee_2020_CuCo__MO_849011491644_000,MO_849011491644_000,,,metal,atomic,False,kim,active,[],[]
MO_849320763277,LJ_Shifted_Bernardes_1958MedCutoff_Xe__MO_849320763277_004,MO_849320763277_004,1958--Bernardes-N--Xe,d6b56970-f7f5-428a-8830-499e8d0e2715,metal,atomic,False,kim,active,['Xe'],['Xe']
MO_856295952425,EAM_MagneticCubic_MendelevHanSrolovitz_2003_Fe__MO_856295952425_002,MO_856295952425_002,2003--Mendelev-M-I-Han-S-Srolovitz-D-J-et-al--Fe-2,06bf7ccd-ea6a-4744-bfbc-adefa5bcdd60,metal,atomic,False,kim,active,['Fe'],['Fe']
MO_856956178669,MEAM_LAMMPS_Lee_2006_FeC__MO_856956178669_000,MO_856956178669_000,,,metal,atomic,False,kim,active,[],[]
MO_857282754307,MJ_MorrisAgaLevashov_2008_Fe__MO_857282754307_003,MO_857282754307_003,2008--Morris-J-R-Aga-R-S-Levashov-V-Egami-T--Fe,ac9b428d-b7ec-4df4-a22d-f1ce4c65b9fd,metal,atomic,False,kim,active,['Fe'],['Fe']
MO_859700307573,Morse_Shifted_GirifalcoWeizer_1959HighCutoff_Cr__MO_859700307573_004,MO_859700307573_004,1959--Girifalco-L-A-Weizer-V-G--Cr,d439adf5-6edb-43de-a70d-4214c288db42,metal,atomic,False,kim,active,['Cr'],['Cr']
MO_861114678890,SW_BereSerra_2006_GaN__MO_861114678890_000,MO_861114678890_000,2006--Bere-A-Serra-A--Ga-N,a08eb46e-3856-4329-9dce-41af22f9acc1,metal,atomic,False,kim,active,"['Ga', 'N']","['Ga', 'N']"
MO_861893969202,Morse_Shifted_GirifalcoWeizer_1959MedCutoff_Ag__MO_861893969202_004,MO_861893969202_004,1959--Girifalco-L-A-Weizer-V-G--Ag,ab71e60e-3f45-4eb4-9c92-7feb98f7e168,metal,atomic,False,kim,active,['Ag'],['Ag']
MO_862371677648,MEAM_LAMMPS_OhSeolLee_2020_CoTi__MO_862371677648_000,MO_862371677648_000,,,metal,atomic,False,kim,active,[],[]
MO_869330304805,SNAP_ZuoChenLi_2019_Si__MO_869330304805_000,MO_869330304805_000,2020--Zuo-Y-Chen-C-Li-X-et-al--Si-SNAP,c9c528cd-b023-45a5-8f34-705d6eeac347,metal,atomic,False,kim,active,['Si'],['Si']
MO_874930365376,EAM_Dynamo_NicholAckland_2016v2_Rb__MO_874930365376_000,MO_874930365376_000,2016--Nichol-A-Ackland-G-J--Rb,d29d05b2-33eb-402e-98b2-3e52c8d3db9a,metal,atomic,False,kim,active,['Rb'],['Rb']
MO_876687166519,MEAM_LAMMPS_KimJungLee_2015_NiAlCo__MO_876687166519_000,MO_876687166519_000,,,metal,atomic,False,kim,active,[],[]
MO_878712978062,EAM_IMD_SchopfBrommerFrigan_2012_AlMnPd__MO_878712978062_003,MO_878712978062_003,2012--Schopf-D-Brommer-P-Frigan-B-Trebin-H-R--Al-Mn-Pd,bdd76724-0693-4e46-8a9a-39e1bc2204ce,metal,atomic,False,kim,active,"['Al', 'Mn', 'Pd']","['Al', 'Mn', 'Pd']"
MO_880803040302,MEAM_LAMMPS_WuLeeSu_2017_NiCr__MO_880803040302_000,MO_880803040302_000,,,metal,atomic,False,kim,active,[],[]
MO_883726743759,MEAM_LAMMPS_DuLenoskyHennig_2011_Si__MO_883726743759_000,MO_883726743759_000,,,metal,atomic,False,kim,active,[],[]
MO_884343146310,EAM_Dynamo_AcklandMendelevSrolovitz_2004_FeP__MO_884343146310_005,MO_884343146310_005,2004--Ackland-G-J-Mendelev-M-I-Srolovitz-D-J-et-al--Fe-P,5793213a-63e3-43de-84c4-c20e5a3902ec,metal,atomic,False,kim,active,"['Fe', 'P']","['Fe', 'P']"
MO_885079680379,EAM_Dynamo_PunMishin_2012_Co__MO_885079680379_005,MO_885079680379_005,2012--Purja-Pun-G-P-Mishin-Y--Co,a51fd82a-2bb5-4d30-9663-5f730c6fab40,metal,atomic,False,kim,active,['Co'],['Co']
MO_887105884651,Morse_Shifted_GirifalcoWeizer_1959LowCutoff_Ca__MO_887105884651_004,MO_887105884651_004,1959--Girifalco-L-A-Weizer-V-G--Ca,5f697b25-c341-4237-9490-5d304682acc4,metal,atomic,False,kim,active,['Ca'],['Ca']
MO_887933271505,EAM_NN_Johnson_1988_Cu__MO_887933271505_002,MO_887933271505_002,1988--Johnson-R-A--Cu,d053fa81-f484-4c92-a1f7-14240f77e989,metal,atomic,False,kim,active,['Cu'],['Cu']
MO_893505888031,MEAM_LAMMPS_HuangLiuDuan_2021_HfNbTaTiZr__MO_893505888031_000,MO_893505888031_000,,,metal,atomic,False,kim,active,[],[]
MO_894868634445,EAM_Dynamo_ZhouJohnsonWadley_2004NISTretabulation_Mg__MO_894868634445_000,MO_894868634445_000,2004--Zhou-X-W-Johnson-R-A-Wadley-H-N-G--Mg,816ed50d-9e0c-4bd2-8a9a-dca83d4e0bb8,metal,atomic,False,kim,active,['Mg'],['Mg']
MO_903987585848,Tersoff_LAMMPS_ErhartAlbe_2005_SiC__MO_903987585848_004,MO_903987585848_004,2005--Erhart-P-Albe-K--Si-C-I,f4088e3f-65ec-419d-a677-b5f533f984d0,metal,atomic,False,kim,active,"['Si', 'C']","['Si', 'C']"
MO_908110223949,Morse_Shifted_GirifalcoWeizer_1959HighCutoff_Rb__MO_908110223949_004,MO_908110223949_004,1959--Girifalco-L-A-Weizer-V-G--Rb,da503e28-b44f-4759-92d1-bcb5c8ceaceb,metal,atomic,False,kim,active,['Rb'],['Rb']
MO_908645784389,Morse_QuinticSmoothed_Jelinek_1972_Ar__MO_908645784389_002,MO_908645784389_002,1972--Jelinek-G-E--Ar,8574b9b6-028e-4554-85d9-0c8e3a2e7da9,metal,atomic,False,kim,active,['Ar'],['Ar']
MO_912636107108,MEAM_LAMMPS_WuLeeSu_2017_NiCrFe__MO_912636107108_000,MO_912636107108_000,,,metal,atomic,False,kim,active,[],[]
MO_912978207512,MEAM_LAMMPS_KimSeolJi_2017_PtV__MO_912978207512_000,MO_912978207512_000,,,metal,atomic,False,kim,active,[],[]
MO_913991514986,SNAP_LiHuChen_2018_Ni__MO_913991514986_000,MO_913991514986_000,2018--Li-X-G-Hu-C-Chen-C-et-al--Ni,acf1728c-37c6-40c9-98fd-6a7fd52a7084,metal,atomic,False,kim,active,['Ni'],['Ni']
MO_914556822329,EAM_Dynamo_ZhouJohnsonWadley_2004NISTretabulation_W__MO_914556822329_000,MO_914556822329_000,2004--Zhou-X-W-Johnson-R-A-Wadley-H-N-G--W,865a32b5-d4ae-4e3e-bd8b-b503d0ba1a78,metal,atomic,False,kim,active,['W'],['W']
MO_922363340570,EAM_Dynamo_MendelevBorovikov_2020_FeNiCr__MO_922363340570_000,MO_922363340570_000,2019--Mendelev-M-I--Fe-Ni-Cr,6c5d342a-7e25-467f-a234-d937301f6bc4,metal,atomic,False,kim,active,"['Fe', 'Ni', 'Cr']","['Fe', 'Ni', 'Cr']"
MO_923895531627,LJ_Shifted_Bernardes_1958HighCutoff_Kr__MO_923895531627_004,MO_923895531627_004,1958--Bernardes-N--Kr,e62cbc12-99ba-469b-8d4e-e26ad40cb15a,metal,atomic,False,kim,active,['Kr'],['Kr']
MO_924630542818,EAM_Dynamo_ZhouJohnsonWadley_2004_Co__MO_924630542818_005,MO_924630542818_005,2004--Zhou-X-W-Johnson-R-A-Wadley-H-N-G--Co,86bc9f81-1601-4a4f-bcc1-f5d7d96c3e9b,metal,atomic,False,kim,active,['Co'],['Co']
MO_924736622203,MEAM_LAMMPS_JeongParkDo_2018_PdFe__MO_924736622203_000,MO_924736622203_000,,,metal,atomic,False,kim,active,[],[]
MO_931672895580,SNAP_ZuoChenLi_2019_Cu__MO_931672895580_000,MO_931672895580_000,2020--Zuo-Y-Chen-C-Li-X-et-al--Cu-SNAP,cfe7fa8d-7510-4a2e-bf2c-3a3883d84c1c,metal,atomic,False,kim,active,['Cu'],['Cu']
MO_935641703527,MEAM_LAMMPS_KimJeonLee_2015_MgSn__MO_935641703527_000,MO_935641703527_000,,,metal,atomic,False,kim,active,[],[]
MO_937008984446,MEAM_LAMMPS_EtesamiAsadi_2018_Ni__MO_937008984446_000,MO_937008984446_000,,,metal,atomic,False,kim,active,[],[]
MO_942420706858,EAM_Dynamo_MendelevHanSrolovitz_2003Potential5_Fe__MO_942420706858_005,MO_942420706858_005,2003--Mendelev-M-I-Han-S-Srolovitz-D-J-et-al--Fe-5,3e8333b6-bc3a-470e-99cc-abb8a422403e,metal,atomic,False,kim,active,['Fe'],['Fe']
MO_942551040047,EAM_Dynamo_CaiYe_1996_AlCu__MO_942551040047_005,MO_942551040047_005,1996--Cai-J-Ye-Y-Y--Al-Cu,c6699783-22bb-40e4-8605-e4babb0feb99,metal,atomic,False,kim,active,"['Al', 'Cu']","['Al', 'Cu']"
MO_945018740343,EAM_Mendelev_2019_CuZr__MO_945018740343_000,MO_945018740343_000,2019--Mendelev-M-I-Sun-Y-Zhang-F-et-al--Cu-Zr,2e5ed18c-5fb4-46e4-ae7a-5f50d9429d95,metal,atomic,False,kim,active,"['Cu', 'Zr']","['Cu', 'Zr']"
MO_945691923444,EAM_Dynamo_MendelevKramerBecker_2008_Cu__MO_945691923444_005,MO_945691923444_005,2008--Mendelev-M-I-Kramer-M-J-Becker-C-A-Asta-M--Cu,22c4afdb-5a0c-4541-9634-18f325e1af02,metal,atomic,False,kim,active,['Cu'],['Cu']
MO_946046425752,Exp6_KongChakrabarty_1973_ArNe__MO_946046425752_002,MO_946046425752_002,1973--Kong-C-L-Chakrabarty-M-R--Ar-Ne,4891e4ab-3d04-4820-acc3-1fa75d14878d,metal,atomic,False,kim,active,"['Ar', 'Ne']","['Ar', 'Ne']"
MO_946208788356,MEAM_LAMMPS_LeeLee_2014_ZrH__MO_946208788356_000,MO_946208788356_000,,,metal,atomic,False,kim,active,[],[]
MO_946831081299,EAM_Dynamo_OBrienBarrPrice_2018_PtAu__MO_946831081299_000,MO_946831081299_000,2017--OBrien-C-J-Barr-C-M-Price-P-M-et-al--Pt-Au,702f778d-fe20-45b2-8494-910be7453f48,metal,atomic,False,kim,active,"['Pt', 'Au']","['Pt', 'Au']"
MO_947112899505,EAM_Dynamo_ZhouJohnsonWadley_2004_Ag__MO_947112899505_005,MO_947112899505_005,2004--Zhou-X-W-Johnson-R-A-Wadley-H-N-G--Ag,248c41b3-6861-43d0-876c-e528541b699f,metal,atomic,False,kim,active,['Ag'],['Ag']
MO_950828638160,EAM_Dynamo_ZhouJohnsonWadley_2004NISTretabulation_CuTa__MO_950828638160_000,MO_950828638160_000,2004--Zhou-X-W-Johnson-R-A-Wadley-H-N-G--Ta-Cu,f12498d1-1560-4fcf-af65-7ec9934b0b95,metal,atomic,False,kim,active,"['Ta', 'Cu']","['Ta', 'Cu']"
MO_956135237832,DUNN_WenTadmor_2019v2_C__MO_956135237832_000,MO_956135237832_000,2020--Wen-M-Tadmor-E-B--C-v2,191f9f50-bf2b-40e5-879a-559c90dcbefd,metal,atomic,False,kim,active,['C'],['C']
MO_958395190627,MEAM_LAMMPS_AlmyrasSangiovanniSarakinos_2019_NAlTi__MO_958395190627_000,MO_958395190627_000,,,metal,atomic,False,kim,active,[],[]
MO_958424213898,Morse_Shifted_GirifalcoWeizer_1959MedCutoff_Pb__MO_958424213898_004,MO_958424213898_004,1959--Girifalco-L-A-Weizer-V-G--Pb,4dc4b4ea-0590-4990-930b-03eee8de3c09,metal,atomic,False,kim,active,['Pb'],['Pb']
MO_958932894036,EDIP_JustoBazantKaxiras_1998_Si__MO_958932894036_002,MO_958932894036_002,1998--Justo-J-F-Bazant-M-Z-Kaxiras-E-et-al--Si,a14ac6fc-058d-4f76-bc93-d6d1de1695b9,metal,atomic,False,kim,active,['Si'],['Si']
MO_959249795837,LJ_ElliottAkerson_2015_Universal__MO_959249795837_003,MO_959249795837_003,,,metal,atomic,False,kim,active,"['Ac', 'Ag', 'Al', 'Am', 'Ar', 'As', 'At', 'Au', 'B', 'Ba', 'Be', 'Bh', 'Bi', 'Bk', 'Br', 'C', 'Ca', 'Cd', 'Ce', 'Cf', 'Cl', 'Cm', 'Cn', 'Co', 'Cr', 'Cs', 'Cu', 'Db', 'Ds', 'Dy', 'Er', 'Es', 'Eu', 'F', 'Fe', 'Fl', 'Fm', 'Fr', 'Ga', 'Gd', 'Ge', 'H', 'He', 'Hf', 'Hg', 'Ho', 'Hs', 'I', 'In', 'Ir', 'K', 'Kr', 'La', 'Li', 'Lr', 'Lu', 'Lv', 'Mc', 'Md', 'Mg', 'Mn', 'Mo', 'Mt', 'N', 'Na', 'Nb', 'Nd', 'Ne', 'Nh', 'Ni', 'No', 'Np', 'O', 'Og', 'Os', 'P', 'Pa', 'Pb', 'Pd', 'Pm', 'Po', 'Pr', 'Pt', 'Pu', 'Ra', 'Rb', 'Re', 'Rf', 'Rg', 'Rh', 'Rn', 'Ru', 'S', 'Sb', 'Sc', 'Se', 'Sg', 'Si', 'Sm', 'Sn', 'Sr', 'Ta', 'Tb', 'Tc', 'Te', 'Th', 'Ti', 'Tl', 'Tm', 'Ts', 'U', 'V', 'W', 'Xe', 'Y', 'Yb', 'Zn', 'Zr', 'user01']","['Ac', 'Ag', 'Al', 'Am', 'Ar', 'As', 'At', 'Au', 'B', 'Ba', 'Be', 'Bh', 'Bi', 'Bk', 'Br', 'C', 'Ca', 'Cd', 'Ce', 'Cf', 'Cl', 'Cm', 'Cn', 'Co', 'Cr', 'Cs', 'Cu', 'Db', 'Ds', 'Dy', 'Er', 'Es', 'Eu', 'F', 'Fe', 'Fl', 'Fm', 'Fr', 'Ga', 'Gd', 'Ge', 'H', 'He', 'Hf', 'Hg', 'Ho', 'Hs', 'I', 'In', 'Ir', 'K', 'Kr', 'La', 'Li', 'Lr', 'Lu', 'Lv', 'Mc', 'Md', 'Mg', 'Mn', 'Mo', 'Mt', 'N', 'Na', 'Nb', 'Nd', 'Ne', 'Nh', 'Ni', 'No', 'Np', 'O', 'Og', 'Os', 'P', 'Pa', 'Pb', 'Pd', 'Pm', 'Po', 'Pr', 'Pt', 'Pu', 'Ra', 'Rb', 'Re', 'Rf', 'Rg', 'Rh', 'Rn', 'Ru', 'S', 'Sb', 'Sc', 'Se', 'Sg', 'Si', 'Sm', 'Sn', 'Sr', 'Ta', 'Tb', 'Tc', 'Te', 'Th', 'Ti', 'Tl', 'Tm', 'Ts', 'U', 'V', 'W', 'Xe', 'Y', 'Yb', 'Zn', 'Zr', 'toy']"
MO_960699513424,EAM_Dynamo_ChamatiPapanicolaouMishin_2006_Fe__MO_960699513424_000,MO_960699513424_000,2006--Chamati-H-Papanicolaou-N-I-Mishin-Y-Papaconstantopoulos-D-A--Fe,3837b6da-05c4-4148-97cd-90b26a2092df,metal,atomic,False,kim,active,['Fe'],['Fe']
MO_964297938209,Morse_Shifted_GirifalcoWeizer_1959MedCutoff_Sr__MO_964297938209_004,MO_964297938209_004,1959--Girifalco-L-A-Weizer-V-G--Sr,bcff1447-1cee-4672-a6b1-b61d299cb69a,metal,atomic,False,kim,active,['Sr'],['Sr']
MO_966254629593,LJ_Shifted_Bernardes_1958HighCutoff_Ne__MO_966254629593_004,MO_966254629593_004,1958--Bernardes-N--Ne,90c2411b-6b91-41a9-a562-7544e1bea780,metal,atomic,False,kim,active,['Ne'],['Ne']
MO_971845881377,TIDP_RajanWarnerCurtin_2016E_User01__MO_971845881377_001,MO_971845881377_001,2016--Rajan-V-P-Warner-D-H-Curtin-W-A--fictional-toy-e,919d67bd-d3d3-4158-86d8-59e6af2c1efb,metal,atomic,False,kim,active,['user01'],['toy']
MO_977363131043,EAM_Dynamo_AcklandTichyVitek_1987_Ni__MO_977363131043_005,MO_977363131043_005,1987--Ackland-G-J-Tichy-G-Vitek-V-Finnis-M-W--Ni,6fbc40e6-1388-4988-87d5-88805b1b3690,metal,atomic,False,kim,active,['Ni'],['Ni']
MO_984281096460,LJ_Shifted_Bernardes_1958MedCutoff_Kr__MO_984281096460_004,MO_984281096460_004,1958--Bernardes-N--Kr,e62cbc12-99ba-469b-8d4e-e26ad40cb15a,metal,atomic,False,kim,active,['Kr'],['Kr']
MO_984358344196,Morse_Shifted_GirifalcoWeizer_1959MedCutoff_Fe__MO_984358344196_004,MO_984358344196_004,1959--Girifalco-L-A-Weizer-V-G--Fe,e58e0b6d-17dd-447e-8bf3-57fb013706d2,metal,atomic,False,kim,active,['Fe'],['Fe']
MO_987541074959,EMT_Asap_MetalGlass_PaduraruKenoufiBailey_2007_CuZr__MO_987541074959_001,MO_987541074959_001,2007--Paduraru-A-Kenoufi-A-Bailey-N-P-Schiotz-J--Cu-Zr,d05c1f39-89ef-47c7-b263-7bf0145b36ac,metal,atomic,False,kim,active,"['Cu', 'Zr']","['Cu', 'Zr']"
MO_988703794028,EAM_Dynamo_ZhouJohnsonWadley_2004NISTretabulation_Pb__MO_988703794028_000,MO_988703794028_000,2004--Zhou-X-W-Johnson-R-A-Wadley-H-N-G--Pb,1c592eb1-3cdd-4090-aa0b-e7246f7d5f91,metal,atomic,False,kim,active,['Pb'],['Pb']
MO_993644691224,EAM_Dynamo_ZhouJohnsonWadley_2004NISTretabulation_Pd__MO_993644691224_000,MO_993644691224_000,2004--Zhou-X-W-Johnson-R-A-Wadley-H-N-G--Pd,5ea5dd6c-a901-4acd-b036-9c33a0acd5b0,metal,atomic,False,kim,active,['Pd'],['Pd']
MO_995724792024,LJ_Shifted_Bernardes_1958LowCutoff_Kr__MO_995724792024_004,MO_995724792024_004,1958--Bernardes-N--Kr,e62cbc12-99ba-469b-8d4e-e26ad40cb15a,metal,atomic,False,kim,active,['Kr'],['Kr']
MO_999198119251,MEAM_LAMMPS_Lenosky_2017_W__MO_999198119251_000,MO_999198119251_000,,,metal,atomic,False,kim,active,[],[]
MO_999639780744,Morse_Shifted_GirifalcoWeizer_1959MedCutoff_Cs__MO_999639780744_004,MO_999639780744_004,1959--Girifalco-L-A-Weizer-V-G--Cs,8d561d50-26d9-43d6-822a-e95a4be93436,metal,atomic,False,kim,active,['Cs'],['Cs']
